,fips,date,year,month,day_of_week
0,2.0,2021-03-07,2021,3,6
1,1.0,2021-03-07,2021,3,6
2,5.0,2021-03-07,2021,3,6
3,60.0,2021-03-07,2021,3,6
4,4.0,2021-03-07,2021,3,6
5,6.0,2021-03-07,2021,3,6
6,8.0,2021-03-07,2021,3,6
7,9.0,2021-03-07,2021,3,6
8,11.0,2021-03-07,2021,3,6
9,10.0,2021-03-07,2021,3,6
10,12.0,2021-03-07,2021,3,6
11,13.0,2021-03-07,2021,3,6
12,66.0,2021-03-07,2021,3,6
13,15.0,2021-03-07,2021,3,6
14,19.0,2021-03-07,2021,3,6
15,16.0,2021-03-07,2021,3,6
16,17.0,2021-03-07,2021,3,6
17,18.0,2021-03-07,2021,3,6
18,20.0,2021-03-07,2021,3,6
19,21.0,2021-03-07,2021,3,6
20,22.0,2021-03-07,2021,3,6
21,25.0,2021-03-07,2021,3,6
22,24.0,2021-03-07,2021,3,6
23,23.0,2021-03-07,2021,3,6
24,26.0,2021-03-07,2021,3,6
25,27.0,2021-03-07,2021,3,6
26,29.0,2021-03-07,2021,3,6
27,69.0,2021-03-07,2021,3,6
28,28.0,2021-03-07,2021,3,6
29,30.0,2021-03-07,2021,3,6
30,37.0,2021-03-07,2021,3,6
31,38.0,2021-03-07,2021,3,6
32,31.0,2021-03-07,2021,3,6
33,33.0,2021-03-07,2021,3,6
34,34.0,2021-03-07,2021,3,6
35,35.0,2021-03-07,2021,3,6
36,32.0,2021-03-07,2021,3,6
37,36.0,2021-03-07,2021,3,6
38,39.0,2021-03-07,2021,3,6
39,40.0,2021-03-07,2021,3,6
40,41.0,2021-03-07,2021,3,6
41,42.0,2021-03-07,2021,3,6
42,72.0,2021-03-07,2021,3,6
43,44.0,2021-03-07,2021,3,6
44,45.0,2021-03-07,2021,3,6
45,46.0,2021-03-07,2021,3,6
46,47.0,2021-03-07,2021,3,6
47,48.0,2021-03-07,2021,3,6
48,49.0,2021-03-07,2021,3,6
49,51.0,2021-03-07,2021,3,6
50,78.0,2021-03-07,2021,3,6
51,50.0,2021-03-07,2021,3,6
52,53.0,2021-03-07,2021,3,6
53,55.0,2021-03-07,2021,3,6
54,54.0,2021-03-07,2021,3,6
55,56.0,2021-03-07,2021,3,6
56,2.0,2021-03-06,2021,3,5
57,1.0,2021-03-06,2021,3,5
58,5.0,2021-03-06,2021,3,5
59,60.0,2021-03-06,2021,3,5
60,4.0,2021-03-06,2021,3,5
61,6.0,2021-03-06,2021,3,5
62,8.0,2021-03-06,2021,3,5
63,9.0,2021-03-06,2021,3,5
64,11.0,2021-03-06,2021,3,5
65,10.0,2021-03-06,2021,3,5
66,12.0,2021-03-06,2021,3,5
67,13.0,2021-03-06,2021,3,5
68,66.0,2021-03-06,2021,3,5
69,15.0,2021-03-06,2021,3,5
70,19.0,2021-03-06,2021,3,5
71,16.0,2021-03-06,2021,3,5
72,17.0,2021-03-06,2021,3,5
73,18.0,2021-03-06,2021,3,5
74,20.0,2021-03-06,2021,3,5
75,21.0,2021-03-06,2021,3,5
76,22.0,2021-03-06,2021,3,5
77,25.0,2021-03-06,2021,3,5
78,24.0,2021-03-06,2021,3,5
79,23.0,2021-03-06,2021,3,5
80,26.0,2021-03-06,2021,3,5
81,27.0,2021-03-06,2021,3,5
82,29.0,2021-03-06,2021,3,5
83,69.0,2021-03-06,2021,3,5
84,28.0,2021-03-06,2021,3,5
85,30.0,2021-03-06,2021,3,5
86,37.0,2021-03-06,2021,3,5
87,38.0,2021-03-06,2021,3,5
88,31.0,2021-03-06,2021,3,5
89,33.0,2021-03-06,2021,3,5
90,34.0,2021-03-06,2021,3,5
91,35.0,2021-03-06,2021,3,5
92,32.0,2021-03-06,2021,3,5
93,36.0,2021-03-06,2021,3,5
94,39.0,2021-03-06,2021,3,5
95,40.0,2021-03-06,2021,3,5
96,41.0,2021-03-06,2021,3,5
97,42.0,2021-03-06,2021,3,5
98,72.0,2021-03-06,2021,3,5
99,44.0,2021-03-06,2021,3,5
100,45.0,2021-03-06,2021,3,5
101,46.0,2021-03-06,2021,3,5
102,47.0,2021-03-06,2021,3,5
103,48.0,2021-03-06,2021,3,5
104,49.0,2021-03-06,2021,3,5
105,51.0,2021-03-06,2021,3,5
106,78.0,2021-03-06,2021,3,5
107,50.0,2021-03-06,2021,3,5
108,53.0,2021-03-06,2021,3,5
109,55.0,2021-03-06,2021,3,5
110,54.0,2021-03-06,2021,3,5
111,56.0,2021-03-06,2021,3,5
112,2.0,2021-03-05,2021,3,4
113,1.0,2021-03-05,2021,3,4
114,5.0,2021-03-05,2021,3,4
115,60.0,2021-03-05,2021,3,4
116,4.0,2021-03-05,2021,3,4
117,6.0,2021-03-05,2021,3,4
118,8.0,2021-03-05,2021,3,4
119,9.0,2021-03-05,2021,3,4
120,11.0,2021-03-05,2021,3,4
121,10.0,2021-03-05,2021,3,4
122,12.0,2021-03-05,2021,3,4
123,13.0,2021-03-05,2021,3,4
124,66.0,2021-03-05,2021,3,4
125,15.0,2021-03-05,2021,3,4
126,19.0,2021-03-05,2021,3,4
127,16.0,2021-03-05,2021,3,4
128,17.0,2021-03-05,2021,3,4
129,18.0,2021-03-05,2021,3,4
130,20.0,2021-03-05,2021,3,4
131,21.0,2021-03-05,2021,3,4
132,22.0,2021-03-05,2021,3,4
133,25.0,2021-03-05,2021,3,4
134,24.0,2021-03-05,2021,3,4
135,23.0,2021-03-05,2021,3,4
136,26.0,2021-03-05,2021,3,4
137,27.0,2021-03-05,2021,3,4
138,29.0,2021-03-05,2021,3,4
139,69.0,2021-03-05,2021,3,4
140,28.0,2021-03-05,2021,3,4
141,30.0,2021-03-05,2021,3,4
142,37.0,2021-03-05,2021,3,4
143,38.0,2021-03-05,2021,3,4
144,31.0,2021-03-05,2021,3,4
145,33.0,2021-03-05,2021,3,4
146,34.0,2021-03-05,2021,3,4
147,35.0,2021-03-05,2021,3,4
148,32.0,2021-03-05,2021,3,4
149,36.0,2021-03-05,2021,3,4
150,39.0,2021-03-05,2021,3,4
151,40.0,2021-03-05,2021,3,4
152,41.0,2021-03-05,2021,3,4
153,42.0,2021-03-05,2021,3,4
154,72.0,2021-03-05,2021,3,4
155,44.0,2021-03-05,2021,3,4
156,45.0,2021-03-05,2021,3,4
157,46.0,2021-03-05,2021,3,4
158,47.0,2021-03-05,2021,3,4
159,48.0,2021-03-05,2021,3,4
160,49.0,2021-03-05,2021,3,4
161,51.0,2021-03-05,2021,3,4
162,78.0,2021-03-05,2021,3,4
163,50.0,2021-03-05,2021,3,4
164,53.0,2021-03-05,2021,3,4
165,55.0,2021-03-05,2021,3,4
166,54.0,2021-03-05,2021,3,4
167,56.0,2021-03-05,2021,3,4
168,2.0,2021-03-04,2021,3,3
169,1.0,2021-03-04,2021,3,3
170,5.0,2021-03-04,2021,3,3
171,60.0,2021-03-04,2021,3,3
172,4.0,2021-03-04,2021,3,3
173,6.0,2021-03-04,2021,3,3
174,8.0,2021-03-04,2021,3,3
175,9.0,2021-03-04,2021,3,3
176,11.0,2021-03-04,2021,3,3
177,10.0,2021-03-04,2021,3,3
178,12.0,2021-03-04,2021,3,3
179,13.0,2021-03-04,2021,3,3
180,66.0,2021-03-04,2021,3,3
181,15.0,2021-03-04,2021,3,3
182,19.0,2021-03-04,2021,3,3
183,16.0,2021-03-04,2021,3,3
184,17.0,2021-03-04,2021,3,3
185,18.0,2021-03-04,2021,3,3
186,20.0,2021-03-04,2021,3,3
187,21.0,2021-03-04,2021,3,3
188,22.0,2021-03-04,2021,3,3
189,25.0,2021-03-04,2021,3,3
190,24.0,2021-03-04,2021,3,3
191,23.0,2021-03-04,2021,3,3
192,26.0,2021-03-04,2021,3,3
193,27.0,2021-03-04,2021,3,3
194,29.0,2021-03-04,2021,3,3
195,69.0,2021-03-04,2021,3,3
196,28.0,2021-03-04,2021,3,3
197,30.0,2021-03-04,2021,3,3
198,37.0,2021-03-04,2021,3,3
199,38.0,2021-03-04,2021,3,3
200,31.0,2021-03-04,2021,3,3
201,33.0,2021-03-04,2021,3,3
202,34.0,2021-03-04,2021,3,3
203,35.0,2021-03-04,2021,3,3
204,32.0,2021-03-04,2021,3,3
205,36.0,2021-03-04,2021,3,3
206,39.0,2021-03-04,2021,3,3
207,40.0,2021-03-04,2021,3,3
208,41.0,2021-03-04,2021,3,3
209,42.0,2021-03-04,2021,3,3
210,72.0,2021-03-04,2021,3,3
211,44.0,2021-03-04,2021,3,3
212,45.0,2021-03-04,2021,3,3
213,46.0,2021-03-04,2021,3,3
214,47.0,2021-03-04,2021,3,3
215,48.0,2021-03-04,2021,3,3
216,49.0,2021-03-04,2021,3,3
217,51.0,2021-03-04,2021,3,3
218,78.0,2021-03-04,2021,3,3
219,50.0,2021-03-04,2021,3,3
220,53.0,2021-03-04,2021,3,3
221,55.0,2021-03-04,2021,3,3
222,54.0,2021-03-04,2021,3,3
223,56.0,2021-03-04,2021,3,3
224,2.0,2021-03-03,2021,3,2
225,1.0,2021-03-03,2021,3,2
226,5.0,2021-03-03,2021,3,2
227,60.0,2021-03-03,2021,3,2
228,4.0,2021-03-03,2021,3,2
229,6.0,2021-03-03,2021,3,2
230,8.0,2021-03-03,2021,3,2
231,9.0,2021-03-03,2021,3,2
232,11.0,2021-03-03,2021,3,2
233,10.0,2021-03-03,2021,3,2
234,12.0,2021-03-03,2021,3,2
235,13.0,2021-03-03,2021,3,2
236,66.0,2021-03-03,2021,3,2
237,15.0,2021-03-03,2021,3,2
238,19.0,2021-03-03,2021,3,2
239,16.0,2021-03-03,2021,3,2
240,17.0,2021-03-03,2021,3,2
241,18.0,2021-03-03,2021,3,2
242,20.0,2021-03-03,2021,3,2
243,21.0,2021-03-03,2021,3,2
244,22.0,2021-03-03,2021,3,2
245,25.0,2021-03-03,2021,3,2
246,24.0,2021-03-03,2021,3,2
247,23.0,2021-03-03,2021,3,2
248,26.0,2021-03-03,2021,3,2
249,27.0,2021-03-03,2021,3,2
250,29.0,2021-03-03,2021,3,2
251,69.0,2021-03-03,2021,3,2
252,28.0,2021-03-03,2021,3,2
253,30.0,2021-03-03,2021,3,2
254,37.0,2021-03-03,2021,3,2
255,38.0,2021-03-03,2021,3,2
256,31.0,2021-03-03,2021,3,2
257,33.0,2021-03-03,2021,3,2
258,34.0,2021-03-03,2021,3,2
259,35.0,2021-03-03,2021,3,2
260,32.0,2021-03-03,2021,3,2
261,36.0,2021-03-03,2021,3,2
262,39.0,2021-03-03,2021,3,2
263,40.0,2021-03-03,2021,3,2
264,41.0,2021-03-03,2021,3,2
265,42.0,2021-03-03,2021,3,2
266,72.0,2021-03-03,2021,3,2
267,44.0,2021-03-03,2021,3,2
268,45.0,2021-03-03,2021,3,2
269,46.0,2021-03-03,2021,3,2
270,47.0,2021-03-03,2021,3,2
271,48.0,2021-03-03,2021,3,2
272,49.0,2021-03-03,2021,3,2
273,51.0,2021-03-03,2021,3,2
274,78.0,2021-03-03,2021,3,2
275,50.0,2021-03-03,2021,3,2
276,53.0,2021-03-03,2021,3,2
277,55.0,2021-03-03,2021,3,2
278,54.0,2021-03-03,2021,3,2
279,56.0,2021-03-03,2021,3,2
280,2.0,2021-03-02,2021,3,1
281,1.0,2021-03-02,2021,3,1
282,5.0,2021-03-02,2021,3,1
283,60.0,2021-03-02,2021,3,1
284,4.0,2021-03-02,2021,3,1
285,6.0,2021-03-02,2021,3,1
286,8.0,2021-03-02,2021,3,1
287,9.0,2021-03-02,2021,3,1
288,11.0,2021-03-02,2021,3,1
289,10.0,2021-03-02,2021,3,1
290,12.0,2021-03-02,2021,3,1
291,13.0,2021-03-02,2021,3,1
292,66.0,2021-03-02,2021,3,1
293,15.0,2021-03-02,2021,3,1
294,19.0,2021-03-02,2021,3,1
295,16.0,2021-03-02,2021,3,1
296,17.0,2021-03-02,2021,3,1
297,18.0,2021-03-02,2021,3,1
298,20.0,2021-03-02,2021,3,1
299,21.0,2021-03-02,2021,3,1
300,22.0,2021-03-02,2021,3,1
301,25.0,2021-03-02,2021,3,1
302,24.0,2021-03-02,2021,3,1
303,23.0,2021-03-02,2021,3,1
304,26.0,2021-03-02,2021,3,1
305,27.0,2021-03-02,2021,3,1
306,29.0,2021-03-02,2021,3,1
307,69.0,2021-03-02,2021,3,1
308,28.0,2021-03-02,2021,3,1
309,30.0,2021-03-02,2021,3,1
310,37.0,2021-03-02,2021,3,1
311,38.0,2021-03-02,2021,3,1
312,31.0,2021-03-02,2021,3,1
313,33.0,2021-03-02,2021,3,1
314,34.0,2021-03-02,2021,3,1
315,35.0,2021-03-02,2021,3,1
316,32.0,2021-03-02,2021,3,1
317,36.0,2021-03-02,2021,3,1
318,39.0,2021-03-02,2021,3,1
319,40.0,2021-03-02,2021,3,1
320,41.0,2021-03-02,2021,3,1
321,42.0,2021-03-02,2021,3,1
322,72.0,2021-03-02,2021,3,1
323,44.0,2021-03-02,2021,3,1
324,45.0,2021-03-02,2021,3,1
325,46.0,2021-03-02,2021,3,1
326,47.0,2021-03-02,2021,3,1
327,48.0,2021-03-02,2021,3,1
328,49.0,2021-03-02,2021,3,1
329,51.0,2021-03-02,2021,3,1
330,78.0,2021-03-02,2021,3,1
331,50.0,2021-03-02,2021,3,1
332,53.0,2021-03-02,2021,3,1
333,55.0,2021-03-02,2021,3,1
334,54.0,2021-03-02,2021,3,1
335,56.0,2021-03-02,2021,3,1
336,2.0,2021-03-01,2021,3,0
337,1.0,2021-03-01,2021,3,0
338,5.0,2021-03-01,2021,3,0
339,60.0,2021-03-01,2021,3,0
340,4.0,2021-03-01,2021,3,0
341,6.0,2021-03-01,2021,3,0
342,8.0,2021-03-01,2021,3,0
343,9.0,2021-03-01,2021,3,0
344,11.0,2021-03-01,2021,3,0
345,10.0,2021-03-01,2021,3,0
346,12.0,2021-03-01,2021,3,0
347,13.0,2021-03-01,2021,3,0
348,66.0,2021-03-01,2021,3,0
349,15.0,2021-03-01,2021,3,0
350,19.0,2021-03-01,2021,3,0
351,16.0,2021-03-01,2021,3,0
352,17.0,2021-03-01,2021,3,0
353,18.0,2021-03-01,2021,3,0
354,20.0,2021-03-01,2021,3,0
355,21.0,2021-03-01,2021,3,0
356,22.0,2021-03-01,2021,3,0
357,25.0,2021-03-01,2021,3,0
358,24.0,2021-03-01,2021,3,0
359,23.0,2021-03-01,2021,3,0
360,26.0,2021-03-01,2021,3,0
361,27.0,2021-03-01,2021,3,0
362,29.0,2021-03-01,2021,3,0
363,69.0,2021-03-01,2021,3,0
364,28.0,2021-03-01,2021,3,0
365,30.0,2021-03-01,2021,3,0
366,37.0,2021-03-01,2021,3,0
367,38.0,2021-03-01,2021,3,0
368,31.0,2021-03-01,2021,3,0
369,33.0,2021-03-01,2021,3,0
370,34.0,2021-03-01,2021,3,0
371,35.0,2021-03-01,2021,3,0
372,32.0,2021-03-01,2021,3,0
373,36.0,2021-03-01,2021,3,0
374,39.0,2021-03-01,2021,3,0
375,40.0,2021-03-01,2021,3,0
376,41.0,2021-03-01,2021,3,0
377,42.0,2021-03-01,2021,3,0
378,72.0,2021-03-01,2021,3,0
379,44.0,2021-03-01,2021,3,0
380,45.0,2021-03-01,2021,3,0
381,46.0,2021-03-01,2021,3,0
382,47.0,2021-03-01,2021,3,0
383,48.0,2021-03-01,2021,3,0
384,49.0,2021-03-01,2021,3,0
385,51.0,2021-03-01,2021,3,0
386,78.0,2021-03-01,2021,3,0
387,50.0,2021-03-01,2021,3,0
388,53.0,2021-03-01,2021,3,0
389,55.0,2021-03-01,2021,3,0
390,54.0,2021-03-01,2021,3,0
391,56.0,2021-03-01,2021,3,0
392,2.0,2021-02-28,2021,2,6
393,1.0,2021-02-28,2021,2,6
394,5.0,2021-02-28,2021,2,6
395,60.0,2021-02-28,2021,2,6
396,4.0,2021-02-28,2021,2,6
397,6.0,2021-02-28,2021,2,6
398,8.0,2021-02-28,2021,2,6
399,9.0,2021-02-28,2021,2,6
400,11.0,2021-02-28,2021,2,6
401,10.0,2021-02-28,2021,2,6
402,12.0,2021-02-28,2021,2,6
403,13.0,2021-02-28,2021,2,6
404,66.0,2021-02-28,2021,2,6
405,15.0,2021-02-28,2021,2,6
406,19.0,2021-02-28,2021,2,6
407,16.0,2021-02-28,2021,2,6
408,17.0,2021-02-28,2021,2,6
409,18.0,2021-02-28,2021,2,6
410,20.0,2021-02-28,2021,2,6
411,21.0,2021-02-28,2021,2,6
412,22.0,2021-02-28,2021,2,6
413,25.0,2021-02-28,2021,2,6
414,24.0,2021-02-28,2021,2,6
415,23.0,2021-02-28,2021,2,6
416,26.0,2021-02-28,2021,2,6
417,27.0,2021-02-28,2021,2,6
418,29.0,2021-02-28,2021,2,6
419,69.0,2021-02-28,2021,2,6
420,28.0,2021-02-28,2021,2,6
421,30.0,2021-02-28,2021,2,6
422,37.0,2021-02-28,2021,2,6
423,38.0,2021-02-28,2021,2,6
424,31.0,2021-02-28,2021,2,6
425,33.0,2021-02-28,2021,2,6
426,34.0,2021-02-28,2021,2,6
427,35.0,2021-02-28,2021,2,6
428,32.0,2021-02-28,2021,2,6
429,36.0,2021-02-28,2021,2,6
430,39.0,2021-02-28,2021,2,6
431,40.0,2021-02-28,2021,2,6
432,41.0,2021-02-28,2021,2,6
433,42.0,2021-02-28,2021,2,6
434,72.0,2021-02-28,2021,2,6
435,44.0,2021-02-28,2021,2,6
436,45.0,2021-02-28,2021,2,6
437,46.0,2021-02-28,2021,2,6
438,47.0,2021-02-28,2021,2,6
439,48.0,2021-02-28,2021,2,6
440,49.0,2021-02-28,2021,2,6
441,51.0,2021-02-28,2021,2,6
442,78.0,2021-02-28,2021,2,6
443,50.0,2021-02-28,2021,2,6
444,53.0,2021-02-28,2021,2,6
445,55.0,2021-02-28,2021,2,6
446,54.0,2021-02-28,2021,2,6
447,56.0,2021-02-28,2021,2,6
448,2.0,2021-02-27,2021,2,5
449,1.0,2021-02-27,2021,2,5
450,5.0,2021-02-27,2021,2,5
451,60.0,2021-02-27,2021,2,5
452,4.0,2021-02-27,2021,2,5
453,6.0,2021-02-27,2021,2,5
454,8.0,2021-02-27,2021,2,5
455,9.0,2021-02-27,2021,2,5
456,11.0,2021-02-27,2021,2,5
457,10.0,2021-02-27,2021,2,5
458,12.0,2021-02-27,2021,2,5
459,13.0,2021-02-27,2021,2,5
460,66.0,2021-02-27,2021,2,5
461,15.0,2021-02-27,2021,2,5
462,19.0,2021-02-27,2021,2,5
463,16.0,2021-02-27,2021,2,5
464,17.0,2021-02-27,2021,2,5
465,18.0,2021-02-27,2021,2,5
466,20.0,2021-02-27,2021,2,5
467,21.0,2021-02-27,2021,2,5
468,22.0,2021-02-27,2021,2,5
469,25.0,2021-02-27,2021,2,5
470,24.0,2021-02-27,2021,2,5
471,23.0,2021-02-27,2021,2,5
472,26.0,2021-02-27,2021,2,5
473,27.0,2021-02-27,2021,2,5
474,29.0,2021-02-27,2021,2,5
475,69.0,2021-02-27,2021,2,5
476,28.0,2021-02-27,2021,2,5
477,30.0,2021-02-27,2021,2,5
478,37.0,2021-02-27,2021,2,5
479,38.0,2021-02-27,2021,2,5
480,31.0,2021-02-27,2021,2,5
481,33.0,2021-02-27,2021,2,5
482,34.0,2021-02-27,2021,2,5
483,35.0,2021-02-27,2021,2,5
484,32.0,2021-02-27,2021,2,5
485,36.0,2021-02-27,2021,2,5
486,39.0,2021-02-27,2021,2,5
487,40.0,2021-02-27,2021,2,5
488,41.0,2021-02-27,2021,2,5
489,42.0,2021-02-27,2021,2,5
490,72.0,2021-02-27,2021,2,5
491,44.0,2021-02-27,2021,2,5
492,45.0,2021-02-27,2021,2,5
493,46.0,2021-02-27,2021,2,5
494,47.0,2021-02-27,2021,2,5
495,48.0,2021-02-27,2021,2,5
496,49.0,2021-02-27,2021,2,5
497,51.0,2021-02-27,2021,2,5
498,78.0,2021-02-27,2021,2,5
499,50.0,2021-02-27,2021,2,5
500,53.0,2021-02-27,2021,2,5
501,55.0,2021-02-27,2021,2,5
502,54.0,2021-02-27,2021,2,5
503,56.0,2021-02-27,2021,2,5
504,2.0,2021-02-26,2021,2,4
505,1.0,2021-02-26,2021,2,4
506,5.0,2021-02-26,2021,2,4
507,60.0,2021-02-26,2021,2,4
508,4.0,2021-02-26,2021,2,4
509,6.0,2021-02-26,2021,2,4
510,8.0,2021-02-26,2021,2,4
511,9.0,2021-02-26,2021,2,4
512,11.0,2021-02-26,2021,2,4
513,10.0,2021-02-26,2021,2,4
514,12.0,2021-02-26,2021,2,4
515,13.0,2021-02-26,2021,2,4
516,66.0,2021-02-26,2021,2,4
517,15.0,2021-02-26,2021,2,4
518,19.0,2021-02-26,2021,2,4
519,16.0,2021-02-26,2021,2,4
520,17.0,2021-02-26,2021,2,4
521,18.0,2021-02-26,2021,2,4
522,20.0,2021-02-26,2021,2,4
523,21.0,2021-02-26,2021,2,4
524,22.0,2021-02-26,2021,2,4
525,25.0,2021-02-26,2021,2,4
526,24.0,2021-02-26,2021,2,4
527,23.0,2021-02-26,2021,2,4
528,26.0,2021-02-26,2021,2,4
529,27.0,2021-02-26,2021,2,4
530,29.0,2021-02-26,2021,2,4
531,69.0,2021-02-26,2021,2,4
532,28.0,2021-02-26,2021,2,4
533,30.0,2021-02-26,2021,2,4
534,37.0,2021-02-26,2021,2,4
535,38.0,2021-02-26,2021,2,4
536,31.0,2021-02-26,2021,2,4
537,33.0,2021-02-26,2021,2,4
538,34.0,2021-02-26,2021,2,4
539,35.0,2021-02-26,2021,2,4
540,32.0,2021-02-26,2021,2,4
541,36.0,2021-02-26,2021,2,4
542,39.0,2021-02-26,2021,2,4
543,40.0,2021-02-26,2021,2,4
544,41.0,2021-02-26,2021,2,4
545,42.0,2021-02-26,2021,2,4
546,72.0,2021-02-26,2021,2,4
547,44.0,2021-02-26,2021,2,4
548,45.0,2021-02-26,2021,2,4
549,46.0,2021-02-26,2021,2,4
550,47.0,2021-02-26,2021,2,4
551,48.0,2021-02-26,2021,2,4
552,49.0,2021-02-26,2021,2,4
553,51.0,2021-02-26,2021,2,4
554,78.0,2021-02-26,2021,2,4
555,50.0,2021-02-26,2021,2,4
556,53.0,2021-02-26,2021,2,4
557,55.0,2021-02-26,2021,2,4
558,54.0,2021-02-26,2021,2,4
559,56.0,2021-02-26,2021,2,4
560,2.0,2021-02-25,2021,2,3
561,1.0,2021-02-25,2021,2,3
562,5.0,2021-02-25,2021,2,3
563,60.0,2021-02-25,2021,2,3
564,4.0,2021-02-25,2021,2,3
565,6.0,2021-02-25,2021,2,3
566,8.0,2021-02-25,2021,2,3
567,9.0,2021-02-25,2021,2,3
568,11.0,2021-02-25,2021,2,3
569,10.0,2021-02-25,2021,2,3
570,12.0,2021-02-25,2021,2,3
571,13.0,2021-02-25,2021,2,3
572,66.0,2021-02-25,2021,2,3
573,15.0,2021-02-25,2021,2,3
574,19.0,2021-02-25,2021,2,3
575,16.0,2021-02-25,2021,2,3
576,17.0,2021-02-25,2021,2,3
577,18.0,2021-02-25,2021,2,3
578,20.0,2021-02-25,2021,2,3
579,21.0,2021-02-25,2021,2,3
580,22.0,2021-02-25,2021,2,3
581,25.0,2021-02-25,2021,2,3
582,24.0,2021-02-25,2021,2,3
583,23.0,2021-02-25,2021,2,3
584,26.0,2021-02-25,2021,2,3
585,27.0,2021-02-25,2021,2,3
586,29.0,2021-02-25,2021,2,3
587,69.0,2021-02-25,2021,2,3
588,28.0,2021-02-25,2021,2,3
589,30.0,2021-02-25,2021,2,3
590,37.0,2021-02-25,2021,2,3
591,38.0,2021-02-25,2021,2,3
592,31.0,2021-02-25,2021,2,3
593,33.0,2021-02-25,2021,2,3
594,34.0,2021-02-25,2021,2,3
595,35.0,2021-02-25,2021,2,3
596,32.0,2021-02-25,2021,2,3
597,36.0,2021-02-25,2021,2,3
598,39.0,2021-02-25,2021,2,3
599,40.0,2021-02-25,2021,2,3
600,41.0,2021-02-25,2021,2,3
601,42.0,2021-02-25,2021,2,3
602,72.0,2021-02-25,2021,2,3
603,44.0,2021-02-25,2021,2,3
604,45.0,2021-02-25,2021,2,3
605,46.0,2021-02-25,2021,2,3
606,47.0,2021-02-25,2021,2,3
607,48.0,2021-02-25,2021,2,3
608,49.0,2021-02-25,2021,2,3
609,51.0,2021-02-25,2021,2,3
610,78.0,2021-02-25,2021,2,3
611,50.0,2021-02-25,2021,2,3
612,53.0,2021-02-25,2021,2,3
613,55.0,2021-02-25,2021,2,3
614,54.0,2021-02-25,2021,2,3
615,56.0,2021-02-25,2021,2,3
616,2.0,2021-02-24,2021,2,2
617,1.0,2021-02-24,2021,2,2
618,5.0,2021-02-24,2021,2,2
619,60.0,2021-02-24,2021,2,2
620,4.0,2021-02-24,2021,2,2
621,6.0,2021-02-24,2021,2,2
622,8.0,2021-02-24,2021,2,2
623,9.0,2021-02-24,2021,2,2
624,11.0,2021-02-24,2021,2,2
625,10.0,2021-02-24,2021,2,2
626,12.0,2021-02-24,2021,2,2
627,13.0,2021-02-24,2021,2,2
628,66.0,2021-02-24,2021,2,2
629,15.0,2021-02-24,2021,2,2
630,19.0,2021-02-24,2021,2,2
631,16.0,2021-02-24,2021,2,2
632,17.0,2021-02-24,2021,2,2
633,18.0,2021-02-24,2021,2,2
634,20.0,2021-02-24,2021,2,2
635,21.0,2021-02-24,2021,2,2
636,22.0,2021-02-24,2021,2,2
637,25.0,2021-02-24,2021,2,2
638,24.0,2021-02-24,2021,2,2
639,23.0,2021-02-24,2021,2,2
640,26.0,2021-02-24,2021,2,2
641,27.0,2021-02-24,2021,2,2
642,29.0,2021-02-24,2021,2,2
643,69.0,2021-02-24,2021,2,2
644,28.0,2021-02-24,2021,2,2
645,30.0,2021-02-24,2021,2,2
646,37.0,2021-02-24,2021,2,2
647,38.0,2021-02-24,2021,2,2
648,31.0,2021-02-24,2021,2,2
649,33.0,2021-02-24,2021,2,2
650,34.0,2021-02-24,2021,2,2
651,35.0,2021-02-24,2021,2,2
652,32.0,2021-02-24,2021,2,2
653,36.0,2021-02-24,2021,2,2
654,39.0,2021-02-24,2021,2,2
655,40.0,2021-02-24,2021,2,2
656,41.0,2021-02-24,2021,2,2
657,42.0,2021-02-24,2021,2,2
658,72.0,2021-02-24,2021,2,2
659,44.0,2021-02-24,2021,2,2
660,45.0,2021-02-24,2021,2,2
661,46.0,2021-02-24,2021,2,2
662,47.0,2021-02-24,2021,2,2
663,48.0,2021-02-24,2021,2,2
664,49.0,2021-02-24,2021,2,2
665,51.0,2021-02-24,2021,2,2
666,78.0,2021-02-24,2021,2,2
667,50.0,2021-02-24,2021,2,2
668,53.0,2021-02-24,2021,2,2
669,55.0,2021-02-24,2021,2,2
670,54.0,2021-02-24,2021,2,2
671,56.0,2021-02-24,2021,2,2
672,2.0,2021-02-23,2021,2,1
673,1.0,2021-02-23,2021,2,1
674,5.0,2021-02-23,2021,2,1
675,60.0,2021-02-23,2021,2,1
676,4.0,2021-02-23,2021,2,1
677,6.0,2021-02-23,2021,2,1
678,8.0,2021-02-23,2021,2,1
679,9.0,2021-02-23,2021,2,1
680,11.0,2021-02-23,2021,2,1
681,10.0,2021-02-23,2021,2,1
682,12.0,2021-02-23,2021,2,1
683,13.0,2021-02-23,2021,2,1
684,66.0,2021-02-23,2021,2,1
685,15.0,2021-02-23,2021,2,1
686,19.0,2021-02-23,2021,2,1
687,16.0,2021-02-23,2021,2,1
688,17.0,2021-02-23,2021,2,1
689,18.0,2021-02-23,2021,2,1
690,20.0,2021-02-23,2021,2,1
691,21.0,2021-02-23,2021,2,1
692,22.0,2021-02-23,2021,2,1
693,25.0,2021-02-23,2021,2,1
694,24.0,2021-02-23,2021,2,1
695,23.0,2021-02-23,2021,2,1
696,26.0,2021-02-23,2021,2,1
697,27.0,2021-02-23,2021,2,1
698,29.0,2021-02-23,2021,2,1
699,69.0,2021-02-23,2021,2,1
700,28.0,2021-02-23,2021,2,1
701,30.0,2021-02-23,2021,2,1
702,37.0,2021-02-23,2021,2,1
703,38.0,2021-02-23,2021,2,1
704,31.0,2021-02-23,2021,2,1
705,33.0,2021-02-23,2021,2,1
706,34.0,2021-02-23,2021,2,1
707,35.0,2021-02-23,2021,2,1
708,32.0,2021-02-23,2021,2,1
709,36.0,2021-02-23,2021,2,1
710,39.0,2021-02-23,2021,2,1
711,40.0,2021-02-23,2021,2,1
712,41.0,2021-02-23,2021,2,1
713,42.0,2021-02-23,2021,2,1
714,72.0,2021-02-23,2021,2,1
715,44.0,2021-02-23,2021,2,1
716,45.0,2021-02-23,2021,2,1
717,46.0,2021-02-23,2021,2,1
718,47.0,2021-02-23,2021,2,1
719,48.0,2021-02-23,2021,2,1
720,49.0,2021-02-23,2021,2,1
721,51.0,2021-02-23,2021,2,1
722,78.0,2021-02-23,2021,2,1
723,50.0,2021-02-23,2021,2,1
724,53.0,2021-02-23,2021,2,1
725,55.0,2021-02-23,2021,2,1
726,54.0,2021-02-23,2021,2,1
727,56.0,2021-02-23,2021,2,1
728,2.0,2021-02-22,2021,2,0
729,1.0,2021-02-22,2021,2,0
730,5.0,2021-02-22,2021,2,0
731,60.0,2021-02-22,2021,2,0
732,4.0,2021-02-22,2021,2,0
733,6.0,2021-02-22,2021,2,0
734,8.0,2021-02-22,2021,2,0
735,9.0,2021-02-22,2021,2,0
736,11.0,2021-02-22,2021,2,0
737,10.0,2021-02-22,2021,2,0
738,12.0,2021-02-22,2021,2,0
739,13.0,2021-02-22,2021,2,0
740,66.0,2021-02-22,2021,2,0
741,15.0,2021-02-22,2021,2,0
742,19.0,2021-02-22,2021,2,0
743,16.0,2021-02-22,2021,2,0
744,17.0,2021-02-22,2021,2,0
745,18.0,2021-02-22,2021,2,0
746,20.0,2021-02-22,2021,2,0
747,21.0,2021-02-22,2021,2,0
748,22.0,2021-02-22,2021,2,0
749,25.0,2021-02-22,2021,2,0
750,24.0,2021-02-22,2021,2,0
751,23.0,2021-02-22,2021,2,0
752,26.0,2021-02-22,2021,2,0
753,27.0,2021-02-22,2021,2,0
754,29.0,2021-02-22,2021,2,0
755,69.0,2021-02-22,2021,2,0
756,28.0,2021-02-22,2021,2,0
757,30.0,2021-02-22,2021,2,0
758,37.0,2021-02-22,2021,2,0
759,38.0,2021-02-22,2021,2,0
760,31.0,2021-02-22,2021,2,0
761,33.0,2021-02-22,2021,2,0
762,34.0,2021-02-22,2021,2,0
763,35.0,2021-02-22,2021,2,0
764,32.0,2021-02-22,2021,2,0
765,36.0,2021-02-22,2021,2,0
766,39.0,2021-02-22,2021,2,0
767,40.0,2021-02-22,2021,2,0
768,41.0,2021-02-22,2021,2,0
769,42.0,2021-02-22,2021,2,0
770,72.0,2021-02-22,2021,2,0
771,44.0,2021-02-22,2021,2,0
772,45.0,2021-02-22,2021,2,0
773,46.0,2021-02-22,2021,2,0
774,47.0,2021-02-22,2021,2,0
775,48.0,2021-02-22,2021,2,0
776,49.0,2021-02-22,2021,2,0
777,51.0,2021-02-22,2021,2,0
778,78.0,2021-02-22,2021,2,0
779,50.0,2021-02-22,2021,2,0
780,53.0,2021-02-22,2021,2,0
781,55.0,2021-02-22,2021,2,0
782,54.0,2021-02-22,2021,2,0
783,56.0,2021-02-22,2021,2,0
784,2.0,2021-02-21,2021,2,6
785,1.0,2021-02-21,2021,2,6
786,5.0,2021-02-21,2021,2,6
787,60.0,2021-02-21,2021,2,6
788,4.0,2021-02-21,2021,2,6
789,6.0,2021-02-21,2021,2,6
790,8.0,2021-02-21,2021,2,6
791,9.0,2021-02-21,2021,2,6
792,11.0,2021-02-21,2021,2,6
793,10.0,2021-02-21,2021,2,6
794,12.0,2021-02-21,2021,2,6
795,13.0,2021-02-21,2021,2,6
796,66.0,2021-02-21,2021,2,6
797,15.0,2021-02-21,2021,2,6
798,19.0,2021-02-21,2021,2,6
799,16.0,2021-02-21,2021,2,6
800,17.0,2021-02-21,2021,2,6
801,18.0,2021-02-21,2021,2,6
802,20.0,2021-02-21,2021,2,6
803,21.0,2021-02-21,2021,2,6
804,22.0,2021-02-21,2021,2,6
805,25.0,2021-02-21,2021,2,6
806,24.0,2021-02-21,2021,2,6
807,23.0,2021-02-21,2021,2,6
808,26.0,2021-02-21,2021,2,6
809,27.0,2021-02-21,2021,2,6
810,29.0,2021-02-21,2021,2,6
811,69.0,2021-02-21,2021,2,6
812,28.0,2021-02-21,2021,2,6
813,30.0,2021-02-21,2021,2,6
814,37.0,2021-02-21,2021,2,6
815,38.0,2021-02-21,2021,2,6
816,31.0,2021-02-21,2021,2,6
817,33.0,2021-02-21,2021,2,6
818,34.0,2021-02-21,2021,2,6
819,35.0,2021-02-21,2021,2,6
820,32.0,2021-02-21,2021,2,6
821,36.0,2021-02-21,2021,2,6
822,39.0,2021-02-21,2021,2,6
823,40.0,2021-02-21,2021,2,6
824,41.0,2021-02-21,2021,2,6
825,42.0,2021-02-21,2021,2,6
826,72.0,2021-02-21,2021,2,6
827,44.0,2021-02-21,2021,2,6
828,45.0,2021-02-21,2021,2,6
829,46.0,2021-02-21,2021,2,6
830,47.0,2021-02-21,2021,2,6
831,48.0,2021-02-21,2021,2,6
832,49.0,2021-02-21,2021,2,6
833,51.0,2021-02-21,2021,2,6
834,78.0,2021-02-21,2021,2,6
835,50.0,2021-02-21,2021,2,6
836,53.0,2021-02-21,2021,2,6
837,55.0,2021-02-21,2021,2,6
838,54.0,2021-02-21,2021,2,6
839,56.0,2021-02-21,2021,2,6
840,2.0,2021-02-20,2021,2,5
841,1.0,2021-02-20,2021,2,5
842,5.0,2021-02-20,2021,2,5
843,60.0,2021-02-20,2021,2,5
844,4.0,2021-02-20,2021,2,5
845,6.0,2021-02-20,2021,2,5
846,8.0,2021-02-20,2021,2,5
847,9.0,2021-02-20,2021,2,5
848,11.0,2021-02-20,2021,2,5
849,10.0,2021-02-20,2021,2,5
850,12.0,2021-02-20,2021,2,5
851,13.0,2021-02-20,2021,2,5
852,66.0,2021-02-20,2021,2,5
853,15.0,2021-02-20,2021,2,5
854,19.0,2021-02-20,2021,2,5
855,16.0,2021-02-20,2021,2,5
856,17.0,2021-02-20,2021,2,5
857,18.0,2021-02-20,2021,2,5
858,20.0,2021-02-20,2021,2,5
859,21.0,2021-02-20,2021,2,5
860,22.0,2021-02-20,2021,2,5
861,25.0,2021-02-20,2021,2,5
862,24.0,2021-02-20,2021,2,5
863,23.0,2021-02-20,2021,2,5
864,26.0,2021-02-20,2021,2,5
865,27.0,2021-02-20,2021,2,5
866,29.0,2021-02-20,2021,2,5
867,69.0,2021-02-20,2021,2,5
868,28.0,2021-02-20,2021,2,5
869,30.0,2021-02-20,2021,2,5
870,37.0,2021-02-20,2021,2,5
871,38.0,2021-02-20,2021,2,5
872,31.0,2021-02-20,2021,2,5
873,33.0,2021-02-20,2021,2,5
874,34.0,2021-02-20,2021,2,5
875,35.0,2021-02-20,2021,2,5
876,32.0,2021-02-20,2021,2,5
877,36.0,2021-02-20,2021,2,5
878,39.0,2021-02-20,2021,2,5
879,40.0,2021-02-20,2021,2,5
880,41.0,2021-02-20,2021,2,5
881,42.0,2021-02-20,2021,2,5
882,72.0,2021-02-20,2021,2,5
883,44.0,2021-02-20,2021,2,5
884,45.0,2021-02-20,2021,2,5
885,46.0,2021-02-20,2021,2,5
886,47.0,2021-02-20,2021,2,5
887,48.0,2021-02-20,2021,2,5
888,49.0,2021-02-20,2021,2,5
889,51.0,2021-02-20,2021,2,5
890,78.0,2021-02-20,2021,2,5
891,50.0,2021-02-20,2021,2,5
892,53.0,2021-02-20,2021,2,5
893,55.0,2021-02-20,2021,2,5
894,54.0,2021-02-20,2021,2,5
895,56.0,2021-02-20,2021,2,5
896,2.0,2021-02-19,2021,2,4
897,1.0,2021-02-19,2021,2,4
898,5.0,2021-02-19,2021,2,4
899,60.0,2021-02-19,2021,2,4
900,4.0,2021-02-19,2021,2,4
901,6.0,2021-02-19,2021,2,4
902,8.0,2021-02-19,2021,2,4
903,9.0,2021-02-19,2021,2,4
904,11.0,2021-02-19,2021,2,4
905,10.0,2021-02-19,2021,2,4
906,12.0,2021-02-19,2021,2,4
907,13.0,2021-02-19,2021,2,4
908,66.0,2021-02-19,2021,2,4
909,15.0,2021-02-19,2021,2,4
910,19.0,2021-02-19,2021,2,4
911,16.0,2021-02-19,2021,2,4
912,17.0,2021-02-19,2021,2,4
913,18.0,2021-02-19,2021,2,4
914,20.0,2021-02-19,2021,2,4
915,21.0,2021-02-19,2021,2,4
916,22.0,2021-02-19,2021,2,4
917,25.0,2021-02-19,2021,2,4
918,24.0,2021-02-19,2021,2,4
919,23.0,2021-02-19,2021,2,4
920,26.0,2021-02-19,2021,2,4
921,27.0,2021-02-19,2021,2,4
922,29.0,2021-02-19,2021,2,4
923,69.0,2021-02-19,2021,2,4
924,28.0,2021-02-19,2021,2,4
925,30.0,2021-02-19,2021,2,4
926,37.0,2021-02-19,2021,2,4
927,38.0,2021-02-19,2021,2,4
928,31.0,2021-02-19,2021,2,4
929,33.0,2021-02-19,2021,2,4
930,34.0,2021-02-19,2021,2,4
931,35.0,2021-02-19,2021,2,4
932,32.0,2021-02-19,2021,2,4
933,36.0,2021-02-19,2021,2,4
934,39.0,2021-02-19,2021,2,4
935,40.0,2021-02-19,2021,2,4
936,41.0,2021-02-19,2021,2,4
937,42.0,2021-02-19,2021,2,4
938,72.0,2021-02-19,2021,2,4
939,44.0,2021-02-19,2021,2,4
940,45.0,2021-02-19,2021,2,4
941,46.0,2021-02-19,2021,2,4
942,47.0,2021-02-19,2021,2,4
943,48.0,2021-02-19,2021,2,4
944,49.0,2021-02-19,2021,2,4
945,51.0,2021-02-19,2021,2,4
946,78.0,2021-02-19,2021,2,4
947,50.0,2021-02-19,2021,2,4
948,53.0,2021-02-19,2021,2,4
949,55.0,2021-02-19,2021,2,4
950,54.0,2021-02-19,2021,2,4
951,56.0,2021-02-19,2021,2,4
952,2.0,2021-02-18,2021,2,3
953,1.0,2021-02-18,2021,2,3
954,5.0,2021-02-18,2021,2,3
955,60.0,2021-02-18,2021,2,3
956,4.0,2021-02-18,2021,2,3
957,6.0,2021-02-18,2021,2,3
958,8.0,2021-02-18,2021,2,3
959,9.0,2021-02-18,2021,2,3
960,11.0,2021-02-18,2021,2,3
961,10.0,2021-02-18,2021,2,3
962,12.0,2021-02-18,2021,2,3
963,13.0,2021-02-18,2021,2,3
964,66.0,2021-02-18,2021,2,3
965,15.0,2021-02-18,2021,2,3
966,19.0,2021-02-18,2021,2,3
967,16.0,2021-02-18,2021,2,3
968,17.0,2021-02-18,2021,2,3
969,18.0,2021-02-18,2021,2,3
970,20.0,2021-02-18,2021,2,3
971,21.0,2021-02-18,2021,2,3
972,22.0,2021-02-18,2021,2,3
973,25.0,2021-02-18,2021,2,3
974,24.0,2021-02-18,2021,2,3
975,23.0,2021-02-18,2021,2,3
976,26.0,2021-02-18,2021,2,3
977,27.0,2021-02-18,2021,2,3
978,29.0,2021-02-18,2021,2,3
979,69.0,2021-02-18,2021,2,3
980,28.0,2021-02-18,2021,2,3
981,30.0,2021-02-18,2021,2,3
982,37.0,2021-02-18,2021,2,3
983,38.0,2021-02-18,2021,2,3
984,31.0,2021-02-18,2021,2,3
985,33.0,2021-02-18,2021,2,3
986,34.0,2021-02-18,2021,2,3
987,35.0,2021-02-18,2021,2,3
988,32.0,2021-02-18,2021,2,3
989,36.0,2021-02-18,2021,2,3
990,39.0,2021-02-18,2021,2,3
991,40.0,2021-02-18,2021,2,3
992,41.0,2021-02-18,2021,2,3
993,42.0,2021-02-18,2021,2,3
994,72.0,2021-02-18,2021,2,3
995,44.0,2021-02-18,2021,2,3
996,45.0,2021-02-18,2021,2,3
997,46.0,2021-02-18,2021,2,3
998,47.0,2021-02-18,2021,2,3
999,48.0,2021-02-18,2021,2,3
1000,49.0,2021-02-18,2021,2,3
1001,51.0,2021-02-18,2021,2,3
1002,78.0,2021-02-18,2021,2,3
1003,50.0,2021-02-18,2021,2,3
1004,53.0,2021-02-18,2021,2,3
1005,55.0,2021-02-18,2021,2,3
1006,54.0,2021-02-18,2021,2,3
1007,56.0,2021-02-18,2021,2,3
1008,2.0,2021-02-17,2021,2,2
1009,1.0,2021-02-17,2021,2,2
1010,5.0,2021-02-17,2021,2,2
1011,60.0,2021-02-17,2021,2,2
1012,4.0,2021-02-17,2021,2,2
1013,6.0,2021-02-17,2021,2,2
1014,8.0,2021-02-17,2021,2,2
1015,9.0,2021-02-17,2021,2,2
1016,11.0,2021-02-17,2021,2,2
1017,10.0,2021-02-17,2021,2,2
1018,12.0,2021-02-17,2021,2,2
1019,13.0,2021-02-17,2021,2,2
1020,66.0,2021-02-17,2021,2,2
1021,15.0,2021-02-17,2021,2,2
1022,19.0,2021-02-17,2021,2,2
1023,16.0,2021-02-17,2021,2,2
1024,17.0,2021-02-17,2021,2,2
1025,18.0,2021-02-17,2021,2,2
1026,20.0,2021-02-17,2021,2,2
1027,21.0,2021-02-17,2021,2,2
1028,22.0,2021-02-17,2021,2,2
1029,25.0,2021-02-17,2021,2,2
1030,24.0,2021-02-17,2021,2,2
1031,23.0,2021-02-17,2021,2,2
1032,26.0,2021-02-17,2021,2,2
1033,27.0,2021-02-17,2021,2,2
1034,29.0,2021-02-17,2021,2,2
1035,69.0,2021-02-17,2021,2,2
1036,28.0,2021-02-17,2021,2,2
1037,30.0,2021-02-17,2021,2,2
1038,37.0,2021-02-17,2021,2,2
1039,38.0,2021-02-17,2021,2,2
1040,31.0,2021-02-17,2021,2,2
1041,33.0,2021-02-17,2021,2,2
1042,34.0,2021-02-17,2021,2,2
1043,35.0,2021-02-17,2021,2,2
1044,32.0,2021-02-17,2021,2,2
1045,36.0,2021-02-17,2021,2,2
1046,39.0,2021-02-17,2021,2,2
1047,40.0,2021-02-17,2021,2,2
1048,41.0,2021-02-17,2021,2,2
1049,42.0,2021-02-17,2021,2,2
1050,72.0,2021-02-17,2021,2,2
1051,44.0,2021-02-17,2021,2,2
1052,45.0,2021-02-17,2021,2,2
1053,46.0,2021-02-17,2021,2,2
1054,47.0,2021-02-17,2021,2,2
1055,48.0,2021-02-17,2021,2,2
1056,49.0,2021-02-17,2021,2,2
1057,51.0,2021-02-17,2021,2,2
1058,78.0,2021-02-17,2021,2,2
1059,50.0,2021-02-17,2021,2,2
1060,53.0,2021-02-17,2021,2,2
1061,55.0,2021-02-17,2021,2,2
1062,54.0,2021-02-17,2021,2,2
1063,56.0,2021-02-17,2021,2,2
1064,2.0,2021-02-16,2021,2,1
1065,1.0,2021-02-16,2021,2,1
1066,5.0,2021-02-16,2021,2,1
1067,60.0,2021-02-16,2021,2,1
1068,4.0,2021-02-16,2021,2,1
1069,6.0,2021-02-16,2021,2,1
1070,8.0,2021-02-16,2021,2,1
1071,9.0,2021-02-16,2021,2,1
1072,11.0,2021-02-16,2021,2,1
1073,10.0,2021-02-16,2021,2,1
1074,12.0,2021-02-16,2021,2,1
1075,13.0,2021-02-16,2021,2,1
1076,66.0,2021-02-16,2021,2,1
1077,15.0,2021-02-16,2021,2,1
1078,19.0,2021-02-16,2021,2,1
1079,16.0,2021-02-16,2021,2,1
1080,17.0,2021-02-16,2021,2,1
1081,18.0,2021-02-16,2021,2,1
1082,20.0,2021-02-16,2021,2,1
1083,21.0,2021-02-16,2021,2,1
1084,22.0,2021-02-16,2021,2,1
1085,25.0,2021-02-16,2021,2,1
1086,24.0,2021-02-16,2021,2,1
1087,23.0,2021-02-16,2021,2,1
1088,26.0,2021-02-16,2021,2,1
1089,27.0,2021-02-16,2021,2,1
1090,29.0,2021-02-16,2021,2,1
1091,69.0,2021-02-16,2021,2,1
1092,28.0,2021-02-16,2021,2,1
1093,30.0,2021-02-16,2021,2,1
1094,37.0,2021-02-16,2021,2,1
1095,38.0,2021-02-16,2021,2,1
1096,31.0,2021-02-16,2021,2,1
1097,33.0,2021-02-16,2021,2,1
1098,34.0,2021-02-16,2021,2,1
1099,35.0,2021-02-16,2021,2,1
1100,32.0,2021-02-16,2021,2,1
1101,36.0,2021-02-16,2021,2,1
1102,39.0,2021-02-16,2021,2,1
1103,40.0,2021-02-16,2021,2,1
1104,41.0,2021-02-16,2021,2,1
1105,42.0,2021-02-16,2021,2,1
1106,72.0,2021-02-16,2021,2,1
1107,44.0,2021-02-16,2021,2,1
1108,45.0,2021-02-16,2021,2,1
1109,46.0,2021-02-16,2021,2,1
1110,47.0,2021-02-16,2021,2,1
1111,48.0,2021-02-16,2021,2,1
1112,49.0,2021-02-16,2021,2,1
1113,51.0,2021-02-16,2021,2,1
1114,78.0,2021-02-16,2021,2,1
1115,50.0,2021-02-16,2021,2,1
1116,53.0,2021-02-16,2021,2,1
1117,55.0,2021-02-16,2021,2,1
1118,54.0,2021-02-16,2021,2,1
1119,56.0,2021-02-16,2021,2,1
1120,2.0,2021-02-15,2021,2,0
1121,1.0,2021-02-15,2021,2,0
1122,5.0,2021-02-15,2021,2,0
1123,60.0,2021-02-15,2021,2,0
1124,4.0,2021-02-15,2021,2,0
1125,6.0,2021-02-15,2021,2,0
1126,8.0,2021-02-15,2021,2,0
1127,9.0,2021-02-15,2021,2,0
1128,11.0,2021-02-15,2021,2,0
1129,10.0,2021-02-15,2021,2,0
1130,12.0,2021-02-15,2021,2,0
1131,13.0,2021-02-15,2021,2,0
1132,66.0,2021-02-15,2021,2,0
1133,15.0,2021-02-15,2021,2,0
1134,19.0,2021-02-15,2021,2,0
1135,16.0,2021-02-15,2021,2,0
1136,17.0,2021-02-15,2021,2,0
1137,18.0,2021-02-15,2021,2,0
1138,20.0,2021-02-15,2021,2,0
1139,21.0,2021-02-15,2021,2,0
1140,22.0,2021-02-15,2021,2,0
1141,25.0,2021-02-15,2021,2,0
1142,24.0,2021-02-15,2021,2,0
1143,23.0,2021-02-15,2021,2,0
1144,26.0,2021-02-15,2021,2,0
1145,27.0,2021-02-15,2021,2,0
1146,29.0,2021-02-15,2021,2,0
1147,69.0,2021-02-15,2021,2,0
1148,28.0,2021-02-15,2021,2,0
1149,30.0,2021-02-15,2021,2,0
1150,37.0,2021-02-15,2021,2,0
1151,38.0,2021-02-15,2021,2,0
1152,31.0,2021-02-15,2021,2,0
1153,33.0,2021-02-15,2021,2,0
1154,34.0,2021-02-15,2021,2,0
1155,35.0,2021-02-15,2021,2,0
1156,32.0,2021-02-15,2021,2,0
1157,36.0,2021-02-15,2021,2,0
1158,39.0,2021-02-15,2021,2,0
1159,40.0,2021-02-15,2021,2,0
1160,41.0,2021-02-15,2021,2,0
1161,42.0,2021-02-15,2021,2,0
1162,72.0,2021-02-15,2021,2,0
1163,44.0,2021-02-15,2021,2,0
1164,45.0,2021-02-15,2021,2,0
1165,46.0,2021-02-15,2021,2,0
1166,47.0,2021-02-15,2021,2,0
1167,48.0,2021-02-15,2021,2,0
1168,49.0,2021-02-15,2021,2,0
1169,51.0,2021-02-15,2021,2,0
1170,78.0,2021-02-15,2021,2,0
1171,50.0,2021-02-15,2021,2,0
1172,53.0,2021-02-15,2021,2,0
1173,55.0,2021-02-15,2021,2,0
1174,54.0,2021-02-15,2021,2,0
1175,56.0,2021-02-15,2021,2,0
1176,2.0,2021-02-14,2021,2,6
1177,1.0,2021-02-14,2021,2,6
1178,5.0,2021-02-14,2021,2,6
1179,60.0,2021-02-14,2021,2,6
1180,4.0,2021-02-14,2021,2,6
1181,6.0,2021-02-14,2021,2,6
1182,8.0,2021-02-14,2021,2,6
1183,9.0,2021-02-14,2021,2,6
1184,11.0,2021-02-14,2021,2,6
1185,10.0,2021-02-14,2021,2,6
1186,12.0,2021-02-14,2021,2,6
1187,13.0,2021-02-14,2021,2,6
1188,66.0,2021-02-14,2021,2,6
1189,15.0,2021-02-14,2021,2,6
1190,19.0,2021-02-14,2021,2,6
1191,16.0,2021-02-14,2021,2,6
1192,17.0,2021-02-14,2021,2,6
1193,18.0,2021-02-14,2021,2,6
1194,20.0,2021-02-14,2021,2,6
1195,21.0,2021-02-14,2021,2,6
1196,22.0,2021-02-14,2021,2,6
1197,25.0,2021-02-14,2021,2,6
1198,24.0,2021-02-14,2021,2,6
1199,23.0,2021-02-14,2021,2,6
1200,26.0,2021-02-14,2021,2,6
1201,27.0,2021-02-14,2021,2,6
1202,29.0,2021-02-14,2021,2,6
1203,69.0,2021-02-14,2021,2,6
1204,28.0,2021-02-14,2021,2,6
1205,30.0,2021-02-14,2021,2,6
1206,37.0,2021-02-14,2021,2,6
1207,38.0,2021-02-14,2021,2,6
1208,31.0,2021-02-14,2021,2,6
1209,33.0,2021-02-14,2021,2,6
1210,34.0,2021-02-14,2021,2,6
1211,35.0,2021-02-14,2021,2,6
1212,32.0,2021-02-14,2021,2,6
1213,36.0,2021-02-14,2021,2,6
1214,39.0,2021-02-14,2021,2,6
1215,40.0,2021-02-14,2021,2,6
1216,41.0,2021-02-14,2021,2,6
1217,42.0,2021-02-14,2021,2,6
1218,72.0,2021-02-14,2021,2,6
1219,44.0,2021-02-14,2021,2,6
1220,45.0,2021-02-14,2021,2,6
1221,46.0,2021-02-14,2021,2,6
1222,47.0,2021-02-14,2021,2,6
1223,48.0,2021-02-14,2021,2,6
1224,49.0,2021-02-14,2021,2,6
1225,51.0,2021-02-14,2021,2,6
1226,78.0,2021-02-14,2021,2,6
1227,50.0,2021-02-14,2021,2,6
1228,53.0,2021-02-14,2021,2,6
1229,55.0,2021-02-14,2021,2,6
1230,54.0,2021-02-14,2021,2,6
1231,56.0,2021-02-14,2021,2,6
1232,2.0,2021-02-13,2021,2,5
1233,1.0,2021-02-13,2021,2,5
1234,5.0,2021-02-13,2021,2,5
1235,60.0,2021-02-13,2021,2,5
1236,4.0,2021-02-13,2021,2,5
1237,6.0,2021-02-13,2021,2,5
1238,8.0,2021-02-13,2021,2,5
1239,9.0,2021-02-13,2021,2,5
1240,11.0,2021-02-13,2021,2,5
1241,10.0,2021-02-13,2021,2,5
1242,12.0,2021-02-13,2021,2,5
1243,13.0,2021-02-13,2021,2,5
1244,66.0,2021-02-13,2021,2,5
1245,15.0,2021-02-13,2021,2,5
1246,19.0,2021-02-13,2021,2,5
1247,16.0,2021-02-13,2021,2,5
1248,17.0,2021-02-13,2021,2,5
1249,18.0,2021-02-13,2021,2,5
1250,20.0,2021-02-13,2021,2,5
1251,21.0,2021-02-13,2021,2,5
1252,22.0,2021-02-13,2021,2,5
1253,25.0,2021-02-13,2021,2,5
1254,24.0,2021-02-13,2021,2,5
1255,23.0,2021-02-13,2021,2,5
1256,26.0,2021-02-13,2021,2,5
1257,27.0,2021-02-13,2021,2,5
1258,29.0,2021-02-13,2021,2,5
1259,69.0,2021-02-13,2021,2,5
1260,28.0,2021-02-13,2021,2,5
1261,30.0,2021-02-13,2021,2,5
1262,37.0,2021-02-13,2021,2,5
1263,38.0,2021-02-13,2021,2,5
1264,31.0,2021-02-13,2021,2,5
1265,33.0,2021-02-13,2021,2,5
1266,34.0,2021-02-13,2021,2,5
1267,35.0,2021-02-13,2021,2,5
1268,32.0,2021-02-13,2021,2,5
1269,36.0,2021-02-13,2021,2,5
1270,39.0,2021-02-13,2021,2,5
1271,40.0,2021-02-13,2021,2,5
1272,41.0,2021-02-13,2021,2,5
1273,42.0,2021-02-13,2021,2,5
1274,72.0,2021-02-13,2021,2,5
1275,44.0,2021-02-13,2021,2,5
1276,45.0,2021-02-13,2021,2,5
1277,46.0,2021-02-13,2021,2,5
1278,47.0,2021-02-13,2021,2,5
1279,48.0,2021-02-13,2021,2,5
1280,49.0,2021-02-13,2021,2,5
1281,51.0,2021-02-13,2021,2,5
1282,78.0,2021-02-13,2021,2,5
1283,50.0,2021-02-13,2021,2,5
1284,53.0,2021-02-13,2021,2,5
1285,55.0,2021-02-13,2021,2,5
1286,54.0,2021-02-13,2021,2,5
1287,56.0,2021-02-13,2021,2,5
1288,2.0,2021-02-12,2021,2,4
1289,1.0,2021-02-12,2021,2,4
1290,5.0,2021-02-12,2021,2,4
1291,60.0,2021-02-12,2021,2,4
1292,4.0,2021-02-12,2021,2,4
1293,6.0,2021-02-12,2021,2,4
1294,8.0,2021-02-12,2021,2,4
1295,9.0,2021-02-12,2021,2,4
1296,11.0,2021-02-12,2021,2,4
1297,10.0,2021-02-12,2021,2,4
1298,12.0,2021-02-12,2021,2,4
1299,13.0,2021-02-12,2021,2,4
1300,66.0,2021-02-12,2021,2,4
1301,15.0,2021-02-12,2021,2,4
1302,19.0,2021-02-12,2021,2,4
1303,16.0,2021-02-12,2021,2,4
1304,17.0,2021-02-12,2021,2,4
1305,18.0,2021-02-12,2021,2,4
1306,20.0,2021-02-12,2021,2,4
1307,21.0,2021-02-12,2021,2,4
1308,22.0,2021-02-12,2021,2,4
1309,25.0,2021-02-12,2021,2,4
1310,24.0,2021-02-12,2021,2,4
1311,23.0,2021-02-12,2021,2,4
1312,26.0,2021-02-12,2021,2,4
1313,27.0,2021-02-12,2021,2,4
1314,29.0,2021-02-12,2021,2,4
1315,69.0,2021-02-12,2021,2,4
1316,28.0,2021-02-12,2021,2,4
1317,30.0,2021-02-12,2021,2,4
1318,37.0,2021-02-12,2021,2,4
1319,38.0,2021-02-12,2021,2,4
1320,31.0,2021-02-12,2021,2,4
1321,33.0,2021-02-12,2021,2,4
1322,34.0,2021-02-12,2021,2,4
1323,35.0,2021-02-12,2021,2,4
1324,32.0,2021-02-12,2021,2,4
1325,36.0,2021-02-12,2021,2,4
1326,39.0,2021-02-12,2021,2,4
1327,40.0,2021-02-12,2021,2,4
1328,41.0,2021-02-12,2021,2,4
1329,42.0,2021-02-12,2021,2,4
1330,72.0,2021-02-12,2021,2,4
1331,44.0,2021-02-12,2021,2,4
1332,45.0,2021-02-12,2021,2,4
1333,46.0,2021-02-12,2021,2,4
1334,47.0,2021-02-12,2021,2,4
1335,48.0,2021-02-12,2021,2,4
1336,49.0,2021-02-12,2021,2,4
1337,51.0,2021-02-12,2021,2,4
1338,78.0,2021-02-12,2021,2,4
1339,50.0,2021-02-12,2021,2,4
1340,53.0,2021-02-12,2021,2,4
1341,55.0,2021-02-12,2021,2,4
1342,54.0,2021-02-12,2021,2,4
1343,56.0,2021-02-12,2021,2,4
1344,2.0,2021-02-11,2021,2,3
1345,1.0,2021-02-11,2021,2,3
1346,5.0,2021-02-11,2021,2,3
1347,60.0,2021-02-11,2021,2,3
1348,4.0,2021-02-11,2021,2,3
1349,6.0,2021-02-11,2021,2,3
1350,8.0,2021-02-11,2021,2,3
1351,9.0,2021-02-11,2021,2,3
1352,11.0,2021-02-11,2021,2,3
1353,10.0,2021-02-11,2021,2,3
1354,12.0,2021-02-11,2021,2,3
1355,13.0,2021-02-11,2021,2,3
1356,66.0,2021-02-11,2021,2,3
1357,15.0,2021-02-11,2021,2,3
1358,19.0,2021-02-11,2021,2,3
1359,16.0,2021-02-11,2021,2,3
1360,17.0,2021-02-11,2021,2,3
1361,18.0,2021-02-11,2021,2,3
1362,20.0,2021-02-11,2021,2,3
1363,21.0,2021-02-11,2021,2,3
1364,22.0,2021-02-11,2021,2,3
1365,25.0,2021-02-11,2021,2,3
1366,24.0,2021-02-11,2021,2,3
1367,23.0,2021-02-11,2021,2,3
1368,26.0,2021-02-11,2021,2,3
1369,27.0,2021-02-11,2021,2,3
1370,29.0,2021-02-11,2021,2,3
1371,69.0,2021-02-11,2021,2,3
1372,28.0,2021-02-11,2021,2,3
1373,30.0,2021-02-11,2021,2,3
1374,37.0,2021-02-11,2021,2,3
1375,38.0,2021-02-11,2021,2,3
1376,31.0,2021-02-11,2021,2,3
1377,33.0,2021-02-11,2021,2,3
1378,34.0,2021-02-11,2021,2,3
1379,35.0,2021-02-11,2021,2,3
1380,32.0,2021-02-11,2021,2,3
1381,36.0,2021-02-11,2021,2,3
1382,39.0,2021-02-11,2021,2,3
1383,40.0,2021-02-11,2021,2,3
1384,41.0,2021-02-11,2021,2,3
1385,42.0,2021-02-11,2021,2,3
1386,72.0,2021-02-11,2021,2,3
1387,44.0,2021-02-11,2021,2,3
1388,45.0,2021-02-11,2021,2,3
1389,46.0,2021-02-11,2021,2,3
1390,47.0,2021-02-11,2021,2,3
1391,48.0,2021-02-11,2021,2,3
1392,49.0,2021-02-11,2021,2,3
1393,51.0,2021-02-11,2021,2,3
1394,78.0,2021-02-11,2021,2,3
1395,50.0,2021-02-11,2021,2,3
1396,53.0,2021-02-11,2021,2,3
1397,55.0,2021-02-11,2021,2,3
1398,54.0,2021-02-11,2021,2,3
1399,56.0,2021-02-11,2021,2,3
1400,2.0,2021-02-10,2021,2,2
1401,1.0,2021-02-10,2021,2,2
1402,5.0,2021-02-10,2021,2,2
1403,60.0,2021-02-10,2021,2,2
1404,4.0,2021-02-10,2021,2,2
1405,6.0,2021-02-10,2021,2,2
1406,8.0,2021-02-10,2021,2,2
1407,9.0,2021-02-10,2021,2,2
1408,11.0,2021-02-10,2021,2,2
1409,10.0,2021-02-10,2021,2,2
1410,12.0,2021-02-10,2021,2,2
1411,13.0,2021-02-10,2021,2,2
1412,66.0,2021-02-10,2021,2,2
1413,15.0,2021-02-10,2021,2,2
1414,19.0,2021-02-10,2021,2,2
1415,16.0,2021-02-10,2021,2,2
1416,17.0,2021-02-10,2021,2,2
1417,18.0,2021-02-10,2021,2,2
1418,20.0,2021-02-10,2021,2,2
1419,21.0,2021-02-10,2021,2,2
1420,22.0,2021-02-10,2021,2,2
1421,25.0,2021-02-10,2021,2,2
1422,24.0,2021-02-10,2021,2,2
1423,23.0,2021-02-10,2021,2,2
1424,26.0,2021-02-10,2021,2,2
1425,27.0,2021-02-10,2021,2,2
1426,29.0,2021-02-10,2021,2,2
1427,69.0,2021-02-10,2021,2,2
1428,28.0,2021-02-10,2021,2,2
1429,30.0,2021-02-10,2021,2,2
1430,37.0,2021-02-10,2021,2,2
1431,38.0,2021-02-10,2021,2,2
1432,31.0,2021-02-10,2021,2,2
1433,33.0,2021-02-10,2021,2,2
1434,34.0,2021-02-10,2021,2,2
1435,35.0,2021-02-10,2021,2,2
1436,32.0,2021-02-10,2021,2,2
1437,36.0,2021-02-10,2021,2,2
1438,39.0,2021-02-10,2021,2,2
1439,40.0,2021-02-10,2021,2,2
1440,41.0,2021-02-10,2021,2,2
1441,42.0,2021-02-10,2021,2,2
1442,72.0,2021-02-10,2021,2,2
1443,44.0,2021-02-10,2021,2,2
1444,45.0,2021-02-10,2021,2,2
1445,46.0,2021-02-10,2021,2,2
1446,47.0,2021-02-10,2021,2,2
1447,48.0,2021-02-10,2021,2,2
1448,49.0,2021-02-10,2021,2,2
1449,51.0,2021-02-10,2021,2,2
1450,78.0,2021-02-10,2021,2,2
1451,50.0,2021-02-10,2021,2,2
1452,53.0,2021-02-10,2021,2,2
1453,55.0,2021-02-10,2021,2,2
1454,54.0,2021-02-10,2021,2,2
1455,56.0,2021-02-10,2021,2,2
1456,2.0,2021-02-09,2021,2,1
1457,1.0,2021-02-09,2021,2,1
1458,5.0,2021-02-09,2021,2,1
1459,60.0,2021-02-09,2021,2,1
1460,4.0,2021-02-09,2021,2,1
1461,6.0,2021-02-09,2021,2,1
1462,8.0,2021-02-09,2021,2,1
1463,9.0,2021-02-09,2021,2,1
1464,11.0,2021-02-09,2021,2,1
1465,10.0,2021-02-09,2021,2,1
1466,12.0,2021-02-09,2021,2,1
1467,13.0,2021-02-09,2021,2,1
1468,66.0,2021-02-09,2021,2,1
1469,15.0,2021-02-09,2021,2,1
1470,19.0,2021-02-09,2021,2,1
1471,16.0,2021-02-09,2021,2,1
1472,17.0,2021-02-09,2021,2,1
1473,18.0,2021-02-09,2021,2,1
1474,20.0,2021-02-09,2021,2,1
1475,21.0,2021-02-09,2021,2,1
1476,22.0,2021-02-09,2021,2,1
1477,25.0,2021-02-09,2021,2,1
1478,24.0,2021-02-09,2021,2,1
1479,23.0,2021-02-09,2021,2,1
1480,26.0,2021-02-09,2021,2,1
1481,27.0,2021-02-09,2021,2,1
1482,29.0,2021-02-09,2021,2,1
1483,69.0,2021-02-09,2021,2,1
1484,28.0,2021-02-09,2021,2,1
1485,30.0,2021-02-09,2021,2,1
1486,37.0,2021-02-09,2021,2,1
1487,38.0,2021-02-09,2021,2,1
1488,31.0,2021-02-09,2021,2,1
1489,33.0,2021-02-09,2021,2,1
1490,34.0,2021-02-09,2021,2,1
1491,35.0,2021-02-09,2021,2,1
1492,32.0,2021-02-09,2021,2,1
1493,36.0,2021-02-09,2021,2,1
1494,39.0,2021-02-09,2021,2,1
1495,40.0,2021-02-09,2021,2,1
1496,41.0,2021-02-09,2021,2,1
1497,42.0,2021-02-09,2021,2,1
1498,72.0,2021-02-09,2021,2,1
1499,44.0,2021-02-09,2021,2,1
1500,45.0,2021-02-09,2021,2,1
1501,46.0,2021-02-09,2021,2,1
1502,47.0,2021-02-09,2021,2,1
1503,48.0,2021-02-09,2021,2,1
1504,49.0,2021-02-09,2021,2,1
1505,51.0,2021-02-09,2021,2,1
1506,78.0,2021-02-09,2021,2,1
1507,50.0,2021-02-09,2021,2,1
1508,53.0,2021-02-09,2021,2,1
1509,55.0,2021-02-09,2021,2,1
1510,54.0,2021-02-09,2021,2,1
1511,56.0,2021-02-09,2021,2,1
1512,2.0,2021-02-08,2021,2,0
1513,1.0,2021-02-08,2021,2,0
1514,5.0,2021-02-08,2021,2,0
1515,60.0,2021-02-08,2021,2,0
1516,4.0,2021-02-08,2021,2,0
1517,6.0,2021-02-08,2021,2,0
1518,8.0,2021-02-08,2021,2,0
1519,9.0,2021-02-08,2021,2,0
1520,11.0,2021-02-08,2021,2,0
1521,10.0,2021-02-08,2021,2,0
1522,12.0,2021-02-08,2021,2,0
1523,13.0,2021-02-08,2021,2,0
1524,66.0,2021-02-08,2021,2,0
1525,15.0,2021-02-08,2021,2,0
1526,19.0,2021-02-08,2021,2,0
1527,16.0,2021-02-08,2021,2,0
1528,17.0,2021-02-08,2021,2,0
1529,18.0,2021-02-08,2021,2,0
1530,20.0,2021-02-08,2021,2,0
1531,21.0,2021-02-08,2021,2,0
1532,22.0,2021-02-08,2021,2,0
1533,25.0,2021-02-08,2021,2,0
1534,24.0,2021-02-08,2021,2,0
1535,23.0,2021-02-08,2021,2,0
1536,26.0,2021-02-08,2021,2,0
1537,27.0,2021-02-08,2021,2,0
1538,29.0,2021-02-08,2021,2,0
1539,69.0,2021-02-08,2021,2,0
1540,28.0,2021-02-08,2021,2,0
1541,30.0,2021-02-08,2021,2,0
1542,37.0,2021-02-08,2021,2,0
1543,38.0,2021-02-08,2021,2,0
1544,31.0,2021-02-08,2021,2,0
1545,33.0,2021-02-08,2021,2,0
1546,34.0,2021-02-08,2021,2,0
1547,35.0,2021-02-08,2021,2,0
1548,32.0,2021-02-08,2021,2,0
1549,36.0,2021-02-08,2021,2,0
1550,39.0,2021-02-08,2021,2,0
1551,40.0,2021-02-08,2021,2,0
1552,41.0,2021-02-08,2021,2,0
1553,42.0,2021-02-08,2021,2,0
1554,72.0,2021-02-08,2021,2,0
1555,44.0,2021-02-08,2021,2,0
1556,45.0,2021-02-08,2021,2,0
1557,46.0,2021-02-08,2021,2,0
1558,47.0,2021-02-08,2021,2,0
1559,48.0,2021-02-08,2021,2,0
1560,49.0,2021-02-08,2021,2,0
1561,51.0,2021-02-08,2021,2,0
1562,78.0,2021-02-08,2021,2,0
1563,50.0,2021-02-08,2021,2,0
1564,53.0,2021-02-08,2021,2,0
1565,55.0,2021-02-08,2021,2,0
1566,54.0,2021-02-08,2021,2,0
1567,56.0,2021-02-08,2021,2,0
1568,2.0,2021-02-07,2021,2,6
1569,1.0,2021-02-07,2021,2,6
1570,5.0,2021-02-07,2021,2,6
1571,60.0,2021-02-07,2021,2,6
1572,4.0,2021-02-07,2021,2,6
1573,6.0,2021-02-07,2021,2,6
1574,8.0,2021-02-07,2021,2,6
1575,9.0,2021-02-07,2021,2,6
1576,11.0,2021-02-07,2021,2,6
1577,10.0,2021-02-07,2021,2,6
1578,12.0,2021-02-07,2021,2,6
1579,13.0,2021-02-07,2021,2,6
1580,66.0,2021-02-07,2021,2,6
1581,15.0,2021-02-07,2021,2,6
1582,19.0,2021-02-07,2021,2,6
1583,16.0,2021-02-07,2021,2,6
1584,17.0,2021-02-07,2021,2,6
1585,18.0,2021-02-07,2021,2,6
1586,20.0,2021-02-07,2021,2,6
1587,21.0,2021-02-07,2021,2,6
1588,22.0,2021-02-07,2021,2,6
1589,25.0,2021-02-07,2021,2,6
1590,24.0,2021-02-07,2021,2,6
1591,23.0,2021-02-07,2021,2,6
1592,26.0,2021-02-07,2021,2,6
1593,27.0,2021-02-07,2021,2,6
1594,29.0,2021-02-07,2021,2,6
1595,69.0,2021-02-07,2021,2,6
1596,28.0,2021-02-07,2021,2,6
1597,30.0,2021-02-07,2021,2,6
1598,37.0,2021-02-07,2021,2,6
1599,38.0,2021-02-07,2021,2,6
1600,31.0,2021-02-07,2021,2,6
1601,33.0,2021-02-07,2021,2,6
1602,34.0,2021-02-07,2021,2,6
1603,35.0,2021-02-07,2021,2,6
1604,32.0,2021-02-07,2021,2,6
1605,36.0,2021-02-07,2021,2,6
1606,39.0,2021-02-07,2021,2,6
1607,40.0,2021-02-07,2021,2,6
1608,41.0,2021-02-07,2021,2,6
1609,42.0,2021-02-07,2021,2,6
1610,72.0,2021-02-07,2021,2,6
1611,44.0,2021-02-07,2021,2,6
1612,45.0,2021-02-07,2021,2,6
1613,46.0,2021-02-07,2021,2,6
1614,47.0,2021-02-07,2021,2,6
1615,48.0,2021-02-07,2021,2,6
1616,49.0,2021-02-07,2021,2,6
1617,51.0,2021-02-07,2021,2,6
1618,78.0,2021-02-07,2021,2,6
1619,50.0,2021-02-07,2021,2,6
1620,53.0,2021-02-07,2021,2,6
1621,55.0,2021-02-07,2021,2,6
1622,54.0,2021-02-07,2021,2,6
1623,56.0,2021-02-07,2021,2,6
1624,2.0,2021-02-06,2021,2,5
1625,1.0,2021-02-06,2021,2,5
1626,5.0,2021-02-06,2021,2,5
1627,60.0,2021-02-06,2021,2,5
1628,4.0,2021-02-06,2021,2,5
1629,6.0,2021-02-06,2021,2,5
1630,8.0,2021-02-06,2021,2,5
1631,9.0,2021-02-06,2021,2,5
1632,11.0,2021-02-06,2021,2,5
1633,10.0,2021-02-06,2021,2,5
1634,12.0,2021-02-06,2021,2,5
1635,13.0,2021-02-06,2021,2,5
1636,66.0,2021-02-06,2021,2,5
1637,15.0,2021-02-06,2021,2,5
1638,19.0,2021-02-06,2021,2,5
1639,16.0,2021-02-06,2021,2,5
1640,17.0,2021-02-06,2021,2,5
1641,18.0,2021-02-06,2021,2,5
1642,20.0,2021-02-06,2021,2,5
1643,21.0,2021-02-06,2021,2,5
1644,22.0,2021-02-06,2021,2,5
1645,25.0,2021-02-06,2021,2,5
1646,24.0,2021-02-06,2021,2,5
1647,23.0,2021-02-06,2021,2,5
1648,26.0,2021-02-06,2021,2,5
1649,27.0,2021-02-06,2021,2,5
1650,29.0,2021-02-06,2021,2,5
1651,69.0,2021-02-06,2021,2,5
1652,28.0,2021-02-06,2021,2,5
1653,30.0,2021-02-06,2021,2,5
1654,37.0,2021-02-06,2021,2,5
1655,38.0,2021-02-06,2021,2,5
1656,31.0,2021-02-06,2021,2,5
1657,33.0,2021-02-06,2021,2,5
1658,34.0,2021-02-06,2021,2,5
1659,35.0,2021-02-06,2021,2,5
1660,32.0,2021-02-06,2021,2,5
1661,36.0,2021-02-06,2021,2,5
1662,39.0,2021-02-06,2021,2,5
1663,40.0,2021-02-06,2021,2,5
1664,41.0,2021-02-06,2021,2,5
1665,42.0,2021-02-06,2021,2,5
1666,72.0,2021-02-06,2021,2,5
1667,44.0,2021-02-06,2021,2,5
1668,45.0,2021-02-06,2021,2,5
1669,46.0,2021-02-06,2021,2,5
1670,47.0,2021-02-06,2021,2,5
1671,48.0,2021-02-06,2021,2,5
1672,49.0,2021-02-06,2021,2,5
1673,51.0,2021-02-06,2021,2,5
1674,78.0,2021-02-06,2021,2,5
1675,50.0,2021-02-06,2021,2,5
1676,53.0,2021-02-06,2021,2,5
1677,55.0,2021-02-06,2021,2,5
1678,54.0,2021-02-06,2021,2,5
1679,56.0,2021-02-06,2021,2,5
1680,2.0,2021-02-05,2021,2,4
1681,1.0,2021-02-05,2021,2,4
1682,5.0,2021-02-05,2021,2,4
1683,60.0,2021-02-05,2021,2,4
1684,4.0,2021-02-05,2021,2,4
1685,6.0,2021-02-05,2021,2,4
1686,8.0,2021-02-05,2021,2,4
1687,9.0,2021-02-05,2021,2,4
1688,11.0,2021-02-05,2021,2,4
1689,10.0,2021-02-05,2021,2,4
1690,12.0,2021-02-05,2021,2,4
1691,13.0,2021-02-05,2021,2,4
1692,66.0,2021-02-05,2021,2,4
1693,15.0,2021-02-05,2021,2,4
1694,19.0,2021-02-05,2021,2,4
1695,16.0,2021-02-05,2021,2,4
1696,17.0,2021-02-05,2021,2,4
1697,18.0,2021-02-05,2021,2,4
1698,20.0,2021-02-05,2021,2,4
1699,21.0,2021-02-05,2021,2,4
1700,22.0,2021-02-05,2021,2,4
1701,25.0,2021-02-05,2021,2,4
1702,24.0,2021-02-05,2021,2,4
1703,23.0,2021-02-05,2021,2,4
1704,26.0,2021-02-05,2021,2,4
1705,27.0,2021-02-05,2021,2,4
1706,29.0,2021-02-05,2021,2,4
1707,69.0,2021-02-05,2021,2,4
1708,28.0,2021-02-05,2021,2,4
1709,30.0,2021-02-05,2021,2,4
1710,37.0,2021-02-05,2021,2,4
1711,38.0,2021-02-05,2021,2,4
1712,31.0,2021-02-05,2021,2,4
1713,33.0,2021-02-05,2021,2,4
1714,34.0,2021-02-05,2021,2,4
1715,35.0,2021-02-05,2021,2,4
1716,32.0,2021-02-05,2021,2,4
1717,36.0,2021-02-05,2021,2,4
1718,39.0,2021-02-05,2021,2,4
1719,40.0,2021-02-05,2021,2,4
1720,41.0,2021-02-05,2021,2,4
1721,42.0,2021-02-05,2021,2,4
1722,72.0,2021-02-05,2021,2,4
1723,44.0,2021-02-05,2021,2,4
1724,45.0,2021-02-05,2021,2,4
1725,46.0,2021-02-05,2021,2,4
1726,47.0,2021-02-05,2021,2,4
1727,48.0,2021-02-05,2021,2,4
1728,49.0,2021-02-05,2021,2,4
1729,51.0,2021-02-05,2021,2,4
1730,78.0,2021-02-05,2021,2,4
1731,50.0,2021-02-05,2021,2,4
1732,53.0,2021-02-05,2021,2,4
1733,55.0,2021-02-05,2021,2,4
1734,54.0,2021-02-05,2021,2,4
1735,56.0,2021-02-05,2021,2,4
1736,2.0,2021-02-04,2021,2,3
1737,1.0,2021-02-04,2021,2,3
1738,5.0,2021-02-04,2021,2,3
1739,60.0,2021-02-04,2021,2,3
1740,4.0,2021-02-04,2021,2,3
1741,6.0,2021-02-04,2021,2,3
1742,8.0,2021-02-04,2021,2,3
1743,9.0,2021-02-04,2021,2,3
1744,11.0,2021-02-04,2021,2,3
1745,10.0,2021-02-04,2021,2,3
1746,12.0,2021-02-04,2021,2,3
1747,13.0,2021-02-04,2021,2,3
1748,66.0,2021-02-04,2021,2,3
1749,15.0,2021-02-04,2021,2,3
1750,19.0,2021-02-04,2021,2,3
1751,16.0,2021-02-04,2021,2,3
1752,17.0,2021-02-04,2021,2,3
1753,18.0,2021-02-04,2021,2,3
1754,20.0,2021-02-04,2021,2,3
1755,21.0,2021-02-04,2021,2,3
1756,22.0,2021-02-04,2021,2,3
1757,25.0,2021-02-04,2021,2,3
1758,24.0,2021-02-04,2021,2,3
1759,23.0,2021-02-04,2021,2,3
1760,26.0,2021-02-04,2021,2,3
1761,27.0,2021-02-04,2021,2,3
1762,29.0,2021-02-04,2021,2,3
1763,69.0,2021-02-04,2021,2,3
1764,28.0,2021-02-04,2021,2,3
1765,30.0,2021-02-04,2021,2,3
1766,37.0,2021-02-04,2021,2,3
1767,38.0,2021-02-04,2021,2,3
1768,31.0,2021-02-04,2021,2,3
1769,33.0,2021-02-04,2021,2,3
1770,34.0,2021-02-04,2021,2,3
1771,35.0,2021-02-04,2021,2,3
1772,32.0,2021-02-04,2021,2,3
1773,36.0,2021-02-04,2021,2,3
1774,39.0,2021-02-04,2021,2,3
1775,40.0,2021-02-04,2021,2,3
1776,41.0,2021-02-04,2021,2,3
1777,42.0,2021-02-04,2021,2,3
1778,72.0,2021-02-04,2021,2,3
1779,44.0,2021-02-04,2021,2,3
1780,45.0,2021-02-04,2021,2,3
1781,46.0,2021-02-04,2021,2,3
1782,47.0,2021-02-04,2021,2,3
1783,48.0,2021-02-04,2021,2,3
1784,49.0,2021-02-04,2021,2,3
1785,51.0,2021-02-04,2021,2,3
1786,78.0,2021-02-04,2021,2,3
1787,50.0,2021-02-04,2021,2,3
1788,53.0,2021-02-04,2021,2,3
1789,55.0,2021-02-04,2021,2,3
1790,54.0,2021-02-04,2021,2,3
1791,56.0,2021-02-04,2021,2,3
1792,2.0,2021-02-03,2021,2,2
1793,1.0,2021-02-03,2021,2,2
1794,5.0,2021-02-03,2021,2,2
1795,60.0,2021-02-03,2021,2,2
1796,4.0,2021-02-03,2021,2,2
1797,6.0,2021-02-03,2021,2,2
1798,8.0,2021-02-03,2021,2,2
1799,9.0,2021-02-03,2021,2,2
1800,11.0,2021-02-03,2021,2,2
1801,10.0,2021-02-03,2021,2,2
1802,12.0,2021-02-03,2021,2,2
1803,13.0,2021-02-03,2021,2,2
1804,66.0,2021-02-03,2021,2,2
1805,15.0,2021-02-03,2021,2,2
1806,19.0,2021-02-03,2021,2,2
1807,16.0,2021-02-03,2021,2,2
1808,17.0,2021-02-03,2021,2,2
1809,18.0,2021-02-03,2021,2,2
1810,20.0,2021-02-03,2021,2,2
1811,21.0,2021-02-03,2021,2,2
1812,22.0,2021-02-03,2021,2,2
1813,25.0,2021-02-03,2021,2,2
1814,24.0,2021-02-03,2021,2,2
1815,23.0,2021-02-03,2021,2,2
1816,26.0,2021-02-03,2021,2,2
1817,27.0,2021-02-03,2021,2,2
1818,29.0,2021-02-03,2021,2,2
1819,69.0,2021-02-03,2021,2,2
1820,28.0,2021-02-03,2021,2,2
1821,30.0,2021-02-03,2021,2,2
1822,37.0,2021-02-03,2021,2,2
1823,38.0,2021-02-03,2021,2,2
1824,31.0,2021-02-03,2021,2,2
1825,33.0,2021-02-03,2021,2,2
1826,34.0,2021-02-03,2021,2,2
1827,35.0,2021-02-03,2021,2,2
1828,32.0,2021-02-03,2021,2,2
1829,36.0,2021-02-03,2021,2,2
1830,39.0,2021-02-03,2021,2,2
1831,40.0,2021-02-03,2021,2,2
1832,41.0,2021-02-03,2021,2,2
1833,42.0,2021-02-03,2021,2,2
1834,72.0,2021-02-03,2021,2,2
1835,44.0,2021-02-03,2021,2,2
1836,45.0,2021-02-03,2021,2,2
1837,46.0,2021-02-03,2021,2,2
1838,47.0,2021-02-03,2021,2,2
1839,48.0,2021-02-03,2021,2,2
1840,49.0,2021-02-03,2021,2,2
1841,51.0,2021-02-03,2021,2,2
1842,78.0,2021-02-03,2021,2,2
1843,50.0,2021-02-03,2021,2,2
1844,53.0,2021-02-03,2021,2,2
1845,55.0,2021-02-03,2021,2,2
1846,54.0,2021-02-03,2021,2,2
1847,56.0,2021-02-03,2021,2,2
1848,2.0,2021-02-02,2021,2,1
1849,1.0,2021-02-02,2021,2,1
1850,5.0,2021-02-02,2021,2,1
1851,60.0,2021-02-02,2021,2,1
1852,4.0,2021-02-02,2021,2,1
1853,6.0,2021-02-02,2021,2,1
1854,8.0,2021-02-02,2021,2,1
1855,9.0,2021-02-02,2021,2,1
1856,11.0,2021-02-02,2021,2,1
1857,10.0,2021-02-02,2021,2,1
1858,12.0,2021-02-02,2021,2,1
1859,13.0,2021-02-02,2021,2,1
1860,66.0,2021-02-02,2021,2,1
1861,15.0,2021-02-02,2021,2,1
1862,19.0,2021-02-02,2021,2,1
1863,16.0,2021-02-02,2021,2,1
1864,17.0,2021-02-02,2021,2,1
1865,18.0,2021-02-02,2021,2,1
1866,20.0,2021-02-02,2021,2,1
1867,21.0,2021-02-02,2021,2,1
1868,22.0,2021-02-02,2021,2,1
1869,25.0,2021-02-02,2021,2,1
1870,24.0,2021-02-02,2021,2,1
1871,23.0,2021-02-02,2021,2,1
1872,26.0,2021-02-02,2021,2,1
1873,27.0,2021-02-02,2021,2,1
1874,29.0,2021-02-02,2021,2,1
1875,69.0,2021-02-02,2021,2,1
1876,28.0,2021-02-02,2021,2,1
1877,30.0,2021-02-02,2021,2,1
1878,37.0,2021-02-02,2021,2,1
1879,38.0,2021-02-02,2021,2,1
1880,31.0,2021-02-02,2021,2,1
1881,33.0,2021-02-02,2021,2,1
1882,34.0,2021-02-02,2021,2,1
1883,35.0,2021-02-02,2021,2,1
1884,32.0,2021-02-02,2021,2,1
1885,36.0,2021-02-02,2021,2,1
1886,39.0,2021-02-02,2021,2,1
1887,40.0,2021-02-02,2021,2,1
1888,41.0,2021-02-02,2021,2,1
1889,42.0,2021-02-02,2021,2,1
1890,72.0,2021-02-02,2021,2,1
1891,44.0,2021-02-02,2021,2,1
1892,45.0,2021-02-02,2021,2,1
1893,46.0,2021-02-02,2021,2,1
1894,47.0,2021-02-02,2021,2,1
1895,48.0,2021-02-02,2021,2,1
1896,49.0,2021-02-02,2021,2,1
1897,51.0,2021-02-02,2021,2,1
1898,78.0,2021-02-02,2021,2,1
1899,50.0,2021-02-02,2021,2,1
1900,53.0,2021-02-02,2021,2,1
1901,55.0,2021-02-02,2021,2,1
1902,54.0,2021-02-02,2021,2,1
1903,56.0,2021-02-02,2021,2,1
1904,2.0,2021-02-01,2021,2,0
1905,1.0,2021-02-01,2021,2,0
1906,5.0,2021-02-01,2021,2,0
1907,60.0,2021-02-01,2021,2,0
1908,4.0,2021-02-01,2021,2,0
1909,6.0,2021-02-01,2021,2,0
1910,8.0,2021-02-01,2021,2,0
1911,9.0,2021-02-01,2021,2,0
1912,11.0,2021-02-01,2021,2,0
1913,10.0,2021-02-01,2021,2,0
1914,12.0,2021-02-01,2021,2,0
1915,13.0,2021-02-01,2021,2,0
1916,66.0,2021-02-01,2021,2,0
1917,15.0,2021-02-01,2021,2,0
1918,19.0,2021-02-01,2021,2,0
1919,16.0,2021-02-01,2021,2,0
1920,17.0,2021-02-01,2021,2,0
1921,18.0,2021-02-01,2021,2,0
1922,20.0,2021-02-01,2021,2,0
1923,21.0,2021-02-01,2021,2,0
1924,22.0,2021-02-01,2021,2,0
1925,25.0,2021-02-01,2021,2,0
1926,24.0,2021-02-01,2021,2,0
1927,23.0,2021-02-01,2021,2,0
1928,26.0,2021-02-01,2021,2,0
1929,27.0,2021-02-01,2021,2,0
1930,29.0,2021-02-01,2021,2,0
1931,69.0,2021-02-01,2021,2,0
1932,28.0,2021-02-01,2021,2,0
1933,30.0,2021-02-01,2021,2,0
1934,37.0,2021-02-01,2021,2,0
1935,38.0,2021-02-01,2021,2,0
1936,31.0,2021-02-01,2021,2,0
1937,33.0,2021-02-01,2021,2,0
1938,34.0,2021-02-01,2021,2,0
1939,35.0,2021-02-01,2021,2,0
1940,32.0,2021-02-01,2021,2,0
1941,36.0,2021-02-01,2021,2,0
1942,39.0,2021-02-01,2021,2,0
1943,40.0,2021-02-01,2021,2,0
1944,41.0,2021-02-01,2021,2,0
1945,42.0,2021-02-01,2021,2,0
1946,72.0,2021-02-01,2021,2,0
1947,44.0,2021-02-01,2021,2,0
1948,45.0,2021-02-01,2021,2,0
1949,46.0,2021-02-01,2021,2,0
1950,47.0,2021-02-01,2021,2,0
1951,48.0,2021-02-01,2021,2,0
1952,49.0,2021-02-01,2021,2,0
1953,51.0,2021-02-01,2021,2,0
1954,78.0,2021-02-01,2021,2,0
1955,50.0,2021-02-01,2021,2,0
1956,53.0,2021-02-01,2021,2,0
1957,55.0,2021-02-01,2021,2,0
1958,54.0,2021-02-01,2021,2,0
1959,56.0,2021-02-01,2021,2,0
1960,2.0,2021-01-31,2021,1,6
1961,1.0,2021-01-31,2021,1,6
1962,5.0,2021-01-31,2021,1,6
1963,60.0,2021-01-31,2021,1,6
1964,4.0,2021-01-31,2021,1,6
1965,6.0,2021-01-31,2021,1,6
1966,8.0,2021-01-31,2021,1,6
1967,9.0,2021-01-31,2021,1,6
1968,11.0,2021-01-31,2021,1,6
1969,10.0,2021-01-31,2021,1,6
1970,12.0,2021-01-31,2021,1,6
1971,13.0,2021-01-31,2021,1,6
1972,66.0,2021-01-31,2021,1,6
1973,15.0,2021-01-31,2021,1,6
1974,19.0,2021-01-31,2021,1,6
1975,16.0,2021-01-31,2021,1,6
1976,17.0,2021-01-31,2021,1,6
1977,18.0,2021-01-31,2021,1,6
1978,20.0,2021-01-31,2021,1,6
1979,21.0,2021-01-31,2021,1,6
1980,22.0,2021-01-31,2021,1,6
1981,25.0,2021-01-31,2021,1,6
1982,24.0,2021-01-31,2021,1,6
1983,23.0,2021-01-31,2021,1,6
1984,26.0,2021-01-31,2021,1,6
1985,27.0,2021-01-31,2021,1,6
1986,29.0,2021-01-31,2021,1,6
1987,69.0,2021-01-31,2021,1,6
1988,28.0,2021-01-31,2021,1,6
1989,30.0,2021-01-31,2021,1,6
1990,37.0,2021-01-31,2021,1,6
1991,38.0,2021-01-31,2021,1,6
1992,31.0,2021-01-31,2021,1,6
1993,33.0,2021-01-31,2021,1,6
1994,34.0,2021-01-31,2021,1,6
1995,35.0,2021-01-31,2021,1,6
1996,32.0,2021-01-31,2021,1,6
1997,36.0,2021-01-31,2021,1,6
1998,39.0,2021-01-31,2021,1,6
1999,40.0,2021-01-31,2021,1,6
2000,41.0,2021-01-31,2021,1,6
2001,42.0,2021-01-31,2021,1,6
2002,72.0,2021-01-31,2021,1,6
2003,44.0,2021-01-31,2021,1,6
2004,45.0,2021-01-31,2021,1,6
2005,46.0,2021-01-31,2021,1,6
2006,47.0,2021-01-31,2021,1,6
2007,48.0,2021-01-31,2021,1,6
2008,49.0,2021-01-31,2021,1,6
2009,51.0,2021-01-31,2021,1,6
2010,78.0,2021-01-31,2021,1,6
2011,50.0,2021-01-31,2021,1,6
2012,53.0,2021-01-31,2021,1,6
2013,55.0,2021-01-31,2021,1,6
2014,54.0,2021-01-31,2021,1,6
2015,56.0,2021-01-31,2021,1,6
2016,2.0,2021-01-30,2021,1,5
2017,1.0,2021-01-30,2021,1,5
2018,5.0,2021-01-30,2021,1,5
2019,60.0,2021-01-30,2021,1,5
2020,4.0,2021-01-30,2021,1,5
2021,6.0,2021-01-30,2021,1,5
2022,8.0,2021-01-30,2021,1,5
2023,9.0,2021-01-30,2021,1,5
2024,11.0,2021-01-30,2021,1,5
2025,10.0,2021-01-30,2021,1,5
2026,12.0,2021-01-30,2021,1,5
2027,13.0,2021-01-30,2021,1,5
2028,66.0,2021-01-30,2021,1,5
2029,15.0,2021-01-30,2021,1,5
2030,19.0,2021-01-30,2021,1,5
2031,16.0,2021-01-30,2021,1,5
2032,17.0,2021-01-30,2021,1,5
2033,18.0,2021-01-30,2021,1,5
2034,20.0,2021-01-30,2021,1,5
2035,21.0,2021-01-30,2021,1,5
2036,22.0,2021-01-30,2021,1,5
2037,25.0,2021-01-30,2021,1,5
2038,24.0,2021-01-30,2021,1,5
2039,23.0,2021-01-30,2021,1,5
2040,26.0,2021-01-30,2021,1,5
2041,27.0,2021-01-30,2021,1,5
2042,29.0,2021-01-30,2021,1,5
2043,69.0,2021-01-30,2021,1,5
2044,28.0,2021-01-30,2021,1,5
2045,30.0,2021-01-30,2021,1,5
2046,37.0,2021-01-30,2021,1,5
2047,38.0,2021-01-30,2021,1,5
2048,31.0,2021-01-30,2021,1,5
2049,33.0,2021-01-30,2021,1,5
2050,34.0,2021-01-30,2021,1,5
2051,35.0,2021-01-30,2021,1,5
2052,32.0,2021-01-30,2021,1,5
2053,36.0,2021-01-30,2021,1,5
2054,39.0,2021-01-30,2021,1,5
2055,40.0,2021-01-30,2021,1,5
2056,41.0,2021-01-30,2021,1,5
2057,42.0,2021-01-30,2021,1,5
2058,72.0,2021-01-30,2021,1,5
2059,44.0,2021-01-30,2021,1,5
2060,45.0,2021-01-30,2021,1,5
2061,46.0,2021-01-30,2021,1,5
2062,47.0,2021-01-30,2021,1,5
2063,48.0,2021-01-30,2021,1,5
2064,49.0,2021-01-30,2021,1,5
2065,51.0,2021-01-30,2021,1,5
2066,78.0,2021-01-30,2021,1,5
2067,50.0,2021-01-30,2021,1,5
2068,53.0,2021-01-30,2021,1,5
2069,55.0,2021-01-30,2021,1,5
2070,54.0,2021-01-30,2021,1,5
2071,56.0,2021-01-30,2021,1,5
2072,2.0,2021-01-29,2021,1,4
2073,1.0,2021-01-29,2021,1,4
2074,5.0,2021-01-29,2021,1,4
2075,60.0,2021-01-29,2021,1,4
2076,4.0,2021-01-29,2021,1,4
2077,6.0,2021-01-29,2021,1,4
2078,8.0,2021-01-29,2021,1,4
2079,9.0,2021-01-29,2021,1,4
2080,11.0,2021-01-29,2021,1,4
2081,10.0,2021-01-29,2021,1,4
2082,12.0,2021-01-29,2021,1,4
2083,13.0,2021-01-29,2021,1,4
2084,66.0,2021-01-29,2021,1,4
2085,15.0,2021-01-29,2021,1,4
2086,19.0,2021-01-29,2021,1,4
2087,16.0,2021-01-29,2021,1,4
2088,17.0,2021-01-29,2021,1,4
2089,18.0,2021-01-29,2021,1,4
2090,20.0,2021-01-29,2021,1,4
2091,21.0,2021-01-29,2021,1,4
2092,22.0,2021-01-29,2021,1,4
2093,25.0,2021-01-29,2021,1,4
2094,24.0,2021-01-29,2021,1,4
2095,23.0,2021-01-29,2021,1,4
2096,26.0,2021-01-29,2021,1,4
2097,27.0,2021-01-29,2021,1,4
2098,29.0,2021-01-29,2021,1,4
2099,69.0,2021-01-29,2021,1,4
2100,28.0,2021-01-29,2021,1,4
2101,30.0,2021-01-29,2021,1,4
2102,37.0,2021-01-29,2021,1,4
2103,38.0,2021-01-29,2021,1,4
2104,31.0,2021-01-29,2021,1,4
2105,33.0,2021-01-29,2021,1,4
2106,34.0,2021-01-29,2021,1,4
2107,35.0,2021-01-29,2021,1,4
2108,32.0,2021-01-29,2021,1,4
2109,36.0,2021-01-29,2021,1,4
2110,39.0,2021-01-29,2021,1,4
2111,40.0,2021-01-29,2021,1,4
2112,41.0,2021-01-29,2021,1,4
2113,42.0,2021-01-29,2021,1,4
2114,72.0,2021-01-29,2021,1,4
2115,44.0,2021-01-29,2021,1,4
2116,45.0,2021-01-29,2021,1,4
2117,46.0,2021-01-29,2021,1,4
2118,47.0,2021-01-29,2021,1,4
2119,48.0,2021-01-29,2021,1,4
2120,49.0,2021-01-29,2021,1,4
2121,51.0,2021-01-29,2021,1,4
2122,78.0,2021-01-29,2021,1,4
2123,50.0,2021-01-29,2021,1,4
2124,53.0,2021-01-29,2021,1,4
2125,55.0,2021-01-29,2021,1,4
2126,54.0,2021-01-29,2021,1,4
2127,56.0,2021-01-29,2021,1,4
2128,2.0,2021-01-28,2021,1,3
2129,1.0,2021-01-28,2021,1,3
2130,5.0,2021-01-28,2021,1,3
2131,60.0,2021-01-28,2021,1,3
2132,4.0,2021-01-28,2021,1,3
2133,6.0,2021-01-28,2021,1,3
2134,8.0,2021-01-28,2021,1,3
2135,9.0,2021-01-28,2021,1,3
2136,11.0,2021-01-28,2021,1,3
2137,10.0,2021-01-28,2021,1,3
2138,12.0,2021-01-28,2021,1,3
2139,13.0,2021-01-28,2021,1,3
2140,66.0,2021-01-28,2021,1,3
2141,15.0,2021-01-28,2021,1,3
2142,19.0,2021-01-28,2021,1,3
2143,16.0,2021-01-28,2021,1,3
2144,17.0,2021-01-28,2021,1,3
2145,18.0,2021-01-28,2021,1,3
2146,20.0,2021-01-28,2021,1,3
2147,21.0,2021-01-28,2021,1,3
2148,22.0,2021-01-28,2021,1,3
2149,25.0,2021-01-28,2021,1,3
2150,24.0,2021-01-28,2021,1,3
2151,23.0,2021-01-28,2021,1,3
2152,26.0,2021-01-28,2021,1,3
2153,27.0,2021-01-28,2021,1,3
2154,29.0,2021-01-28,2021,1,3
2155,69.0,2021-01-28,2021,1,3
2156,28.0,2021-01-28,2021,1,3
2157,30.0,2021-01-28,2021,1,3
2158,37.0,2021-01-28,2021,1,3
2159,38.0,2021-01-28,2021,1,3
2160,31.0,2021-01-28,2021,1,3
2161,33.0,2021-01-28,2021,1,3
2162,34.0,2021-01-28,2021,1,3
2163,35.0,2021-01-28,2021,1,3
2164,32.0,2021-01-28,2021,1,3
2165,36.0,2021-01-28,2021,1,3
2166,39.0,2021-01-28,2021,1,3
2167,40.0,2021-01-28,2021,1,3
2168,41.0,2021-01-28,2021,1,3
2169,42.0,2021-01-28,2021,1,3
2170,72.0,2021-01-28,2021,1,3
2171,44.0,2021-01-28,2021,1,3
2172,45.0,2021-01-28,2021,1,3
2173,46.0,2021-01-28,2021,1,3
2174,47.0,2021-01-28,2021,1,3
2175,48.0,2021-01-28,2021,1,3
2176,49.0,2021-01-28,2021,1,3
2177,51.0,2021-01-28,2021,1,3
2178,78.0,2021-01-28,2021,1,3
2179,50.0,2021-01-28,2021,1,3
2180,53.0,2021-01-28,2021,1,3
2181,55.0,2021-01-28,2021,1,3
2182,54.0,2021-01-28,2021,1,3
2183,56.0,2021-01-28,2021,1,3
2184,2.0,2021-01-27,2021,1,2
2185,1.0,2021-01-27,2021,1,2
2186,5.0,2021-01-27,2021,1,2
2187,60.0,2021-01-27,2021,1,2
2188,4.0,2021-01-27,2021,1,2
2189,6.0,2021-01-27,2021,1,2
2190,8.0,2021-01-27,2021,1,2
2191,9.0,2021-01-27,2021,1,2
2192,11.0,2021-01-27,2021,1,2
2193,10.0,2021-01-27,2021,1,2
2194,12.0,2021-01-27,2021,1,2
2195,13.0,2021-01-27,2021,1,2
2196,66.0,2021-01-27,2021,1,2
2197,15.0,2021-01-27,2021,1,2
2198,19.0,2021-01-27,2021,1,2
2199,16.0,2021-01-27,2021,1,2
2200,17.0,2021-01-27,2021,1,2
2201,18.0,2021-01-27,2021,1,2
2202,20.0,2021-01-27,2021,1,2
2203,21.0,2021-01-27,2021,1,2
2204,22.0,2021-01-27,2021,1,2
2205,25.0,2021-01-27,2021,1,2
2206,24.0,2021-01-27,2021,1,2
2207,23.0,2021-01-27,2021,1,2
2208,26.0,2021-01-27,2021,1,2
2209,27.0,2021-01-27,2021,1,2
2210,29.0,2021-01-27,2021,1,2
2211,69.0,2021-01-27,2021,1,2
2212,28.0,2021-01-27,2021,1,2
2213,30.0,2021-01-27,2021,1,2
2214,37.0,2021-01-27,2021,1,2
2215,38.0,2021-01-27,2021,1,2
2216,31.0,2021-01-27,2021,1,2
2217,33.0,2021-01-27,2021,1,2
2218,34.0,2021-01-27,2021,1,2
2219,35.0,2021-01-27,2021,1,2
2220,32.0,2021-01-27,2021,1,2
2221,36.0,2021-01-27,2021,1,2
2222,39.0,2021-01-27,2021,1,2
2223,40.0,2021-01-27,2021,1,2
2224,41.0,2021-01-27,2021,1,2
2225,42.0,2021-01-27,2021,1,2
2226,72.0,2021-01-27,2021,1,2
2227,44.0,2021-01-27,2021,1,2
2228,45.0,2021-01-27,2021,1,2
2229,46.0,2021-01-27,2021,1,2
2230,47.0,2021-01-27,2021,1,2
2231,48.0,2021-01-27,2021,1,2
2232,49.0,2021-01-27,2021,1,2
2233,51.0,2021-01-27,2021,1,2
2234,78.0,2021-01-27,2021,1,2
2235,50.0,2021-01-27,2021,1,2
2236,53.0,2021-01-27,2021,1,2
2237,55.0,2021-01-27,2021,1,2
2238,54.0,2021-01-27,2021,1,2
2239,56.0,2021-01-27,2021,1,2
2240,2.0,2021-01-26,2021,1,1
2241,1.0,2021-01-26,2021,1,1
2242,5.0,2021-01-26,2021,1,1
2243,60.0,2021-01-26,2021,1,1
2244,4.0,2021-01-26,2021,1,1
2245,6.0,2021-01-26,2021,1,1
2246,8.0,2021-01-26,2021,1,1
2247,9.0,2021-01-26,2021,1,1
2248,11.0,2021-01-26,2021,1,1
2249,10.0,2021-01-26,2021,1,1
2250,12.0,2021-01-26,2021,1,1
2251,13.0,2021-01-26,2021,1,1
2252,66.0,2021-01-26,2021,1,1
2253,15.0,2021-01-26,2021,1,1
2254,19.0,2021-01-26,2021,1,1
2255,16.0,2021-01-26,2021,1,1
2256,17.0,2021-01-26,2021,1,1
2257,18.0,2021-01-26,2021,1,1
2258,20.0,2021-01-26,2021,1,1
2259,21.0,2021-01-26,2021,1,1
2260,22.0,2021-01-26,2021,1,1
2261,25.0,2021-01-26,2021,1,1
2262,24.0,2021-01-26,2021,1,1
2263,23.0,2021-01-26,2021,1,1
2264,26.0,2021-01-26,2021,1,1
2265,27.0,2021-01-26,2021,1,1
2266,29.0,2021-01-26,2021,1,1
2267,69.0,2021-01-26,2021,1,1
2268,28.0,2021-01-26,2021,1,1
2269,30.0,2021-01-26,2021,1,1
2270,37.0,2021-01-26,2021,1,1
2271,38.0,2021-01-26,2021,1,1
2272,31.0,2021-01-26,2021,1,1
2273,33.0,2021-01-26,2021,1,1
2274,34.0,2021-01-26,2021,1,1
2275,35.0,2021-01-26,2021,1,1
2276,32.0,2021-01-26,2021,1,1
2277,36.0,2021-01-26,2021,1,1
2278,39.0,2021-01-26,2021,1,1
2279,40.0,2021-01-26,2021,1,1
2280,41.0,2021-01-26,2021,1,1
2281,42.0,2021-01-26,2021,1,1
2282,72.0,2021-01-26,2021,1,1
2283,44.0,2021-01-26,2021,1,1
2284,45.0,2021-01-26,2021,1,1
2285,46.0,2021-01-26,2021,1,1
2286,47.0,2021-01-26,2021,1,1
2287,48.0,2021-01-26,2021,1,1
2288,49.0,2021-01-26,2021,1,1
2289,51.0,2021-01-26,2021,1,1
2290,78.0,2021-01-26,2021,1,1
2291,50.0,2021-01-26,2021,1,1
2292,53.0,2021-01-26,2021,1,1
2293,55.0,2021-01-26,2021,1,1
2294,54.0,2021-01-26,2021,1,1
2295,56.0,2021-01-26,2021,1,1
2296,2.0,2021-01-25,2021,1,0
2297,1.0,2021-01-25,2021,1,0
2298,5.0,2021-01-25,2021,1,0
2299,60.0,2021-01-25,2021,1,0
2300,4.0,2021-01-25,2021,1,0
2301,6.0,2021-01-25,2021,1,0
2302,8.0,2021-01-25,2021,1,0
2303,9.0,2021-01-25,2021,1,0
2304,11.0,2021-01-25,2021,1,0
2305,10.0,2021-01-25,2021,1,0
2306,12.0,2021-01-25,2021,1,0
2307,13.0,2021-01-25,2021,1,0
2308,66.0,2021-01-25,2021,1,0
2309,15.0,2021-01-25,2021,1,0
2310,19.0,2021-01-25,2021,1,0
2311,16.0,2021-01-25,2021,1,0
2312,17.0,2021-01-25,2021,1,0
2313,18.0,2021-01-25,2021,1,0
2314,20.0,2021-01-25,2021,1,0
2315,21.0,2021-01-25,2021,1,0
2316,22.0,2021-01-25,2021,1,0
2317,25.0,2021-01-25,2021,1,0
2318,24.0,2021-01-25,2021,1,0
2319,23.0,2021-01-25,2021,1,0
2320,26.0,2021-01-25,2021,1,0
2321,27.0,2021-01-25,2021,1,0
2322,29.0,2021-01-25,2021,1,0
2323,69.0,2021-01-25,2021,1,0
2324,28.0,2021-01-25,2021,1,0
2325,30.0,2021-01-25,2021,1,0
2326,37.0,2021-01-25,2021,1,0
2327,38.0,2021-01-25,2021,1,0
2328,31.0,2021-01-25,2021,1,0
2329,33.0,2021-01-25,2021,1,0
2330,34.0,2021-01-25,2021,1,0
2331,35.0,2021-01-25,2021,1,0
2332,32.0,2021-01-25,2021,1,0
2333,36.0,2021-01-25,2021,1,0
2334,39.0,2021-01-25,2021,1,0
2335,40.0,2021-01-25,2021,1,0
2336,41.0,2021-01-25,2021,1,0
2337,42.0,2021-01-25,2021,1,0
2338,72.0,2021-01-25,2021,1,0
2339,44.0,2021-01-25,2021,1,0
2340,45.0,2021-01-25,2021,1,0
2341,46.0,2021-01-25,2021,1,0
2342,47.0,2021-01-25,2021,1,0
2343,48.0,2021-01-25,2021,1,0
2344,49.0,2021-01-25,2021,1,0
2345,51.0,2021-01-25,2021,1,0
2346,78.0,2021-01-25,2021,1,0
2347,50.0,2021-01-25,2021,1,0
2348,53.0,2021-01-25,2021,1,0
2349,55.0,2021-01-25,2021,1,0
2350,54.0,2021-01-25,2021,1,0
2351,56.0,2021-01-25,2021,1,0
2352,2.0,2021-01-24,2021,1,6
2353,1.0,2021-01-24,2021,1,6
2354,5.0,2021-01-24,2021,1,6
2355,60.0,2021-01-24,2021,1,6
2356,4.0,2021-01-24,2021,1,6
2357,6.0,2021-01-24,2021,1,6
2358,8.0,2021-01-24,2021,1,6
2359,9.0,2021-01-24,2021,1,6
2360,11.0,2021-01-24,2021,1,6
2361,10.0,2021-01-24,2021,1,6
2362,12.0,2021-01-24,2021,1,6
2363,13.0,2021-01-24,2021,1,6
2364,66.0,2021-01-24,2021,1,6
2365,15.0,2021-01-24,2021,1,6
2366,19.0,2021-01-24,2021,1,6
2367,16.0,2021-01-24,2021,1,6
2368,17.0,2021-01-24,2021,1,6
2369,18.0,2021-01-24,2021,1,6
2370,20.0,2021-01-24,2021,1,6
2371,21.0,2021-01-24,2021,1,6
2372,22.0,2021-01-24,2021,1,6
2373,25.0,2021-01-24,2021,1,6
2374,24.0,2021-01-24,2021,1,6
2375,23.0,2021-01-24,2021,1,6
2376,26.0,2021-01-24,2021,1,6
2377,27.0,2021-01-24,2021,1,6
2378,29.0,2021-01-24,2021,1,6
2379,69.0,2021-01-24,2021,1,6
2380,28.0,2021-01-24,2021,1,6
2381,30.0,2021-01-24,2021,1,6
2382,37.0,2021-01-24,2021,1,6
2383,38.0,2021-01-24,2021,1,6
2384,31.0,2021-01-24,2021,1,6
2385,33.0,2021-01-24,2021,1,6
2386,34.0,2021-01-24,2021,1,6
2387,35.0,2021-01-24,2021,1,6
2388,32.0,2021-01-24,2021,1,6
2389,36.0,2021-01-24,2021,1,6
2390,39.0,2021-01-24,2021,1,6
2391,40.0,2021-01-24,2021,1,6
2392,41.0,2021-01-24,2021,1,6
2393,42.0,2021-01-24,2021,1,6
2394,72.0,2021-01-24,2021,1,6
2395,44.0,2021-01-24,2021,1,6
2396,45.0,2021-01-24,2021,1,6
2397,46.0,2021-01-24,2021,1,6
2398,47.0,2021-01-24,2021,1,6
2399,48.0,2021-01-24,2021,1,6
2400,49.0,2021-01-24,2021,1,6
2401,51.0,2021-01-24,2021,1,6
2402,78.0,2021-01-24,2021,1,6
2403,50.0,2021-01-24,2021,1,6
2404,53.0,2021-01-24,2021,1,6
2405,55.0,2021-01-24,2021,1,6
2406,54.0,2021-01-24,2021,1,6
2407,56.0,2021-01-24,2021,1,6
2408,2.0,2021-01-23,2021,1,5
2409,1.0,2021-01-23,2021,1,5
2410,5.0,2021-01-23,2021,1,5
2411,60.0,2021-01-23,2021,1,5
2412,4.0,2021-01-23,2021,1,5
2413,6.0,2021-01-23,2021,1,5
2414,8.0,2021-01-23,2021,1,5
2415,9.0,2021-01-23,2021,1,5
2416,11.0,2021-01-23,2021,1,5
2417,10.0,2021-01-23,2021,1,5
2418,12.0,2021-01-23,2021,1,5
2419,13.0,2021-01-23,2021,1,5
2420,66.0,2021-01-23,2021,1,5
2421,15.0,2021-01-23,2021,1,5
2422,19.0,2021-01-23,2021,1,5
2423,16.0,2021-01-23,2021,1,5
2424,17.0,2021-01-23,2021,1,5
2425,18.0,2021-01-23,2021,1,5
2426,20.0,2021-01-23,2021,1,5
2427,21.0,2021-01-23,2021,1,5
2428,22.0,2021-01-23,2021,1,5
2429,25.0,2021-01-23,2021,1,5
2430,24.0,2021-01-23,2021,1,5
2431,23.0,2021-01-23,2021,1,5
2432,26.0,2021-01-23,2021,1,5
2433,27.0,2021-01-23,2021,1,5
2434,29.0,2021-01-23,2021,1,5
2435,69.0,2021-01-23,2021,1,5
2436,28.0,2021-01-23,2021,1,5
2437,30.0,2021-01-23,2021,1,5
2438,37.0,2021-01-23,2021,1,5
2439,38.0,2021-01-23,2021,1,5
2440,31.0,2021-01-23,2021,1,5
2441,33.0,2021-01-23,2021,1,5
2442,34.0,2021-01-23,2021,1,5
2443,35.0,2021-01-23,2021,1,5
2444,32.0,2021-01-23,2021,1,5
2445,36.0,2021-01-23,2021,1,5
2446,39.0,2021-01-23,2021,1,5
2447,40.0,2021-01-23,2021,1,5
2448,41.0,2021-01-23,2021,1,5
2449,42.0,2021-01-23,2021,1,5
2450,72.0,2021-01-23,2021,1,5
2451,44.0,2021-01-23,2021,1,5
2452,45.0,2021-01-23,2021,1,5
2453,46.0,2021-01-23,2021,1,5
2454,47.0,2021-01-23,2021,1,5
2455,48.0,2021-01-23,2021,1,5
2456,49.0,2021-01-23,2021,1,5
2457,51.0,2021-01-23,2021,1,5
2458,78.0,2021-01-23,2021,1,5
2459,50.0,2021-01-23,2021,1,5
2460,53.0,2021-01-23,2021,1,5
2461,55.0,2021-01-23,2021,1,5
2462,54.0,2021-01-23,2021,1,5
2463,56.0,2021-01-23,2021,1,5
2464,2.0,2021-01-22,2021,1,4
2465,1.0,2021-01-22,2021,1,4
2466,5.0,2021-01-22,2021,1,4
2467,60.0,2021-01-22,2021,1,4
2468,4.0,2021-01-22,2021,1,4
2469,6.0,2021-01-22,2021,1,4
2470,8.0,2021-01-22,2021,1,4
2471,9.0,2021-01-22,2021,1,4
2472,11.0,2021-01-22,2021,1,4
2473,10.0,2021-01-22,2021,1,4
2474,12.0,2021-01-22,2021,1,4
2475,13.0,2021-01-22,2021,1,4
2476,66.0,2021-01-22,2021,1,4
2477,15.0,2021-01-22,2021,1,4
2478,19.0,2021-01-22,2021,1,4
2479,16.0,2021-01-22,2021,1,4
2480,17.0,2021-01-22,2021,1,4
2481,18.0,2021-01-22,2021,1,4
2482,20.0,2021-01-22,2021,1,4
2483,21.0,2021-01-22,2021,1,4
2484,22.0,2021-01-22,2021,1,4
2485,25.0,2021-01-22,2021,1,4
2486,24.0,2021-01-22,2021,1,4
2487,23.0,2021-01-22,2021,1,4
2488,26.0,2021-01-22,2021,1,4
2489,27.0,2021-01-22,2021,1,4
2490,29.0,2021-01-22,2021,1,4
2491,69.0,2021-01-22,2021,1,4
2492,28.0,2021-01-22,2021,1,4
2493,30.0,2021-01-22,2021,1,4
2494,37.0,2021-01-22,2021,1,4
2495,38.0,2021-01-22,2021,1,4
2496,31.0,2021-01-22,2021,1,4
2497,33.0,2021-01-22,2021,1,4
2498,34.0,2021-01-22,2021,1,4
2499,35.0,2021-01-22,2021,1,4
2500,32.0,2021-01-22,2021,1,4
2501,36.0,2021-01-22,2021,1,4
2502,39.0,2021-01-22,2021,1,4
2503,40.0,2021-01-22,2021,1,4
2504,41.0,2021-01-22,2021,1,4
2505,42.0,2021-01-22,2021,1,4
2506,72.0,2021-01-22,2021,1,4
2507,44.0,2021-01-22,2021,1,4
2508,45.0,2021-01-22,2021,1,4
2509,46.0,2021-01-22,2021,1,4
2510,47.0,2021-01-22,2021,1,4
2511,48.0,2021-01-22,2021,1,4
2512,49.0,2021-01-22,2021,1,4
2513,51.0,2021-01-22,2021,1,4
2514,78.0,2021-01-22,2021,1,4
2515,50.0,2021-01-22,2021,1,4
2516,53.0,2021-01-22,2021,1,4
2517,55.0,2021-01-22,2021,1,4
2518,54.0,2021-01-22,2021,1,4
2519,56.0,2021-01-22,2021,1,4
2520,2.0,2021-01-21,2021,1,3
2521,1.0,2021-01-21,2021,1,3
2522,5.0,2021-01-21,2021,1,3
2523,60.0,2021-01-21,2021,1,3
2524,4.0,2021-01-21,2021,1,3
2525,6.0,2021-01-21,2021,1,3
2526,8.0,2021-01-21,2021,1,3
2527,9.0,2021-01-21,2021,1,3
2528,11.0,2021-01-21,2021,1,3
2529,10.0,2021-01-21,2021,1,3
2530,12.0,2021-01-21,2021,1,3
2531,13.0,2021-01-21,2021,1,3
2532,66.0,2021-01-21,2021,1,3
2533,15.0,2021-01-21,2021,1,3
2534,19.0,2021-01-21,2021,1,3
2535,16.0,2021-01-21,2021,1,3
2536,17.0,2021-01-21,2021,1,3
2537,18.0,2021-01-21,2021,1,3
2538,20.0,2021-01-21,2021,1,3
2539,21.0,2021-01-21,2021,1,3
2540,22.0,2021-01-21,2021,1,3
2541,25.0,2021-01-21,2021,1,3
2542,24.0,2021-01-21,2021,1,3
2543,23.0,2021-01-21,2021,1,3
2544,26.0,2021-01-21,2021,1,3
2545,27.0,2021-01-21,2021,1,3
2546,29.0,2021-01-21,2021,1,3
2547,69.0,2021-01-21,2021,1,3
2548,28.0,2021-01-21,2021,1,3
2549,30.0,2021-01-21,2021,1,3
2550,37.0,2021-01-21,2021,1,3
2551,38.0,2021-01-21,2021,1,3
2552,31.0,2021-01-21,2021,1,3
2553,33.0,2021-01-21,2021,1,3
2554,34.0,2021-01-21,2021,1,3
2555,35.0,2021-01-21,2021,1,3
2556,32.0,2021-01-21,2021,1,3
2557,36.0,2021-01-21,2021,1,3
2558,39.0,2021-01-21,2021,1,3
2559,40.0,2021-01-21,2021,1,3
2560,41.0,2021-01-21,2021,1,3
2561,42.0,2021-01-21,2021,1,3
2562,72.0,2021-01-21,2021,1,3
2563,44.0,2021-01-21,2021,1,3
2564,45.0,2021-01-21,2021,1,3
2565,46.0,2021-01-21,2021,1,3
2566,47.0,2021-01-21,2021,1,3
2567,48.0,2021-01-21,2021,1,3
2568,49.0,2021-01-21,2021,1,3
2569,51.0,2021-01-21,2021,1,3
2570,78.0,2021-01-21,2021,1,3
2571,50.0,2021-01-21,2021,1,3
2572,53.0,2021-01-21,2021,1,3
2573,55.0,2021-01-21,2021,1,3
2574,54.0,2021-01-21,2021,1,3
2575,56.0,2021-01-21,2021,1,3
2576,2.0,2021-01-20,2021,1,2
2577,1.0,2021-01-20,2021,1,2
2578,5.0,2021-01-20,2021,1,2
2579,60.0,2021-01-20,2021,1,2
2580,4.0,2021-01-20,2021,1,2
2581,6.0,2021-01-20,2021,1,2
2582,8.0,2021-01-20,2021,1,2
2583,9.0,2021-01-20,2021,1,2
2584,11.0,2021-01-20,2021,1,2
2585,10.0,2021-01-20,2021,1,2
2586,12.0,2021-01-20,2021,1,2
2587,13.0,2021-01-20,2021,1,2
2588,66.0,2021-01-20,2021,1,2
2589,15.0,2021-01-20,2021,1,2
2590,19.0,2021-01-20,2021,1,2
2591,16.0,2021-01-20,2021,1,2
2592,17.0,2021-01-20,2021,1,2
2593,18.0,2021-01-20,2021,1,2
2594,20.0,2021-01-20,2021,1,2
2595,21.0,2021-01-20,2021,1,2
2596,22.0,2021-01-20,2021,1,2
2597,25.0,2021-01-20,2021,1,2
2598,24.0,2021-01-20,2021,1,2
2599,23.0,2021-01-20,2021,1,2
2600,26.0,2021-01-20,2021,1,2
2601,27.0,2021-01-20,2021,1,2
2602,29.0,2021-01-20,2021,1,2
2603,69.0,2021-01-20,2021,1,2
2604,28.0,2021-01-20,2021,1,2
2605,30.0,2021-01-20,2021,1,2
2606,37.0,2021-01-20,2021,1,2
2607,38.0,2021-01-20,2021,1,2
2608,31.0,2021-01-20,2021,1,2
2609,33.0,2021-01-20,2021,1,2
2610,34.0,2021-01-20,2021,1,2
2611,35.0,2021-01-20,2021,1,2
2612,32.0,2021-01-20,2021,1,2
2613,36.0,2021-01-20,2021,1,2
2614,39.0,2021-01-20,2021,1,2
2615,40.0,2021-01-20,2021,1,2
2616,41.0,2021-01-20,2021,1,2
2617,42.0,2021-01-20,2021,1,2
2618,72.0,2021-01-20,2021,1,2
2619,44.0,2021-01-20,2021,1,2
2620,45.0,2021-01-20,2021,1,2
2621,46.0,2021-01-20,2021,1,2
2622,47.0,2021-01-20,2021,1,2
2623,48.0,2021-01-20,2021,1,2
2624,49.0,2021-01-20,2021,1,2
2625,51.0,2021-01-20,2021,1,2
2626,78.0,2021-01-20,2021,1,2
2627,50.0,2021-01-20,2021,1,2
2628,53.0,2021-01-20,2021,1,2
2629,55.0,2021-01-20,2021,1,2
2630,54.0,2021-01-20,2021,1,2
2631,56.0,2021-01-20,2021,1,2
2632,2.0,2021-01-19,2021,1,1
2633,1.0,2021-01-19,2021,1,1
2634,5.0,2021-01-19,2021,1,1
2635,60.0,2021-01-19,2021,1,1
2636,4.0,2021-01-19,2021,1,1
2637,6.0,2021-01-19,2021,1,1
2638,8.0,2021-01-19,2021,1,1
2639,9.0,2021-01-19,2021,1,1
2640,11.0,2021-01-19,2021,1,1
2641,10.0,2021-01-19,2021,1,1
2642,12.0,2021-01-19,2021,1,1
2643,13.0,2021-01-19,2021,1,1
2644,66.0,2021-01-19,2021,1,1
2645,15.0,2021-01-19,2021,1,1
2646,19.0,2021-01-19,2021,1,1
2647,16.0,2021-01-19,2021,1,1
2648,17.0,2021-01-19,2021,1,1
2649,18.0,2021-01-19,2021,1,1
2650,20.0,2021-01-19,2021,1,1
2651,21.0,2021-01-19,2021,1,1
2652,22.0,2021-01-19,2021,1,1
2653,25.0,2021-01-19,2021,1,1
2654,24.0,2021-01-19,2021,1,1
2655,23.0,2021-01-19,2021,1,1
2656,26.0,2021-01-19,2021,1,1
2657,27.0,2021-01-19,2021,1,1
2658,29.0,2021-01-19,2021,1,1
2659,69.0,2021-01-19,2021,1,1
2660,28.0,2021-01-19,2021,1,1
2661,30.0,2021-01-19,2021,1,1
2662,37.0,2021-01-19,2021,1,1
2663,38.0,2021-01-19,2021,1,1
2664,31.0,2021-01-19,2021,1,1
2665,33.0,2021-01-19,2021,1,1
2666,34.0,2021-01-19,2021,1,1
2667,35.0,2021-01-19,2021,1,1
2668,32.0,2021-01-19,2021,1,1
2669,36.0,2021-01-19,2021,1,1
2670,39.0,2021-01-19,2021,1,1
2671,40.0,2021-01-19,2021,1,1
2672,41.0,2021-01-19,2021,1,1
2673,42.0,2021-01-19,2021,1,1
2674,72.0,2021-01-19,2021,1,1
2675,44.0,2021-01-19,2021,1,1
2676,45.0,2021-01-19,2021,1,1
2677,46.0,2021-01-19,2021,1,1
2678,47.0,2021-01-19,2021,1,1
2679,48.0,2021-01-19,2021,1,1
2680,49.0,2021-01-19,2021,1,1
2681,51.0,2021-01-19,2021,1,1
2682,78.0,2021-01-19,2021,1,1
2683,50.0,2021-01-19,2021,1,1
2684,,2021-01-19,2021,1,1
